CREATE DATABASE  IF NOT EXISTS `ipl_dataset` /*!40100 DEFAULT CHARACTER SET utf8 COLLATE utf8_spanish_ci */ /*!80016 DEFAULT ENCRYPTION='N' */;
USE `ipl_dataset`;
-- MySQL dump 10.13  Distrib 8.0.26, for Win64 (x86_64)
--
-- Host: localhost    Database: ipl_dataset
-- ------------------------------------------------------
-- Server version	8.0.26

/*!40101 SET @OLD_CHARACTER_SET_CLIENT=@@CHARACTER_SET_CLIENT */;
/*!40101 SET @OLD_CHARACTER_SET_RESULTS=@@CHARACTER_SET_RESULTS */;
/*!40101 SET @OLD_COLLATION_CONNECTION=@@COLLATION_CONNECTION */;
/*!50503 SET NAMES utf8 */;
/*!40103 SET @OLD_TIME_ZONE=@@TIME_ZONE */;
/*!40103 SET TIME_ZONE='+00:00' */;
/*!40014 SET @OLD_UNIQUE_CHECKS=@@UNIQUE_CHECKS, UNIQUE_CHECKS=0 */;
/*!40014 SET @OLD_FOREIGN_KEY_CHECKS=@@FOREIGN_KEY_CHECKS, FOREIGN_KEY_CHECKS=0 */;
/*!40101 SET @OLD_SQL_MODE=@@SQL_MODE, SQL_MODE='NO_AUTO_VALUE_ON_ZERO' */;
/*!40111 SET @OLD_SQL_NOTES=@@SQL_NOTES, SQL_NOTES=0 */;

--
-- Table structure for table `match`
--

DROP TABLE IF EXISTS `match`;
/*!40101 SET @saved_cs_client     = @@character_set_client */;
/*!50503 SET character_set_client = utf8 */;
CREATE TABLE `match` (
  `id` int NOT NULL AUTO_INCREMENT,
  `team_1` int DEFAULT NULL,
  `team_2` int DEFAULT NULL,
  `match_date` date DEFAULT NULL,
  `venue` int DEFAULT NULL,
  `toss_winner` int DEFAULT NULL,
  `toss_decision` varchar(45) DEFAULT NULL,
  `win_type` varchar(45) DEFAULT NULL,
  `win_margin` int DEFAULT NULL,
  `eliminator` varchar(2) DEFAULT NULL,
  `method` varchar(5) DEFAULT NULL,
  `umpire_1` int DEFAULT NULL,
  `umpire_2` int DEFAULT NULL,
  `man_of_the_match` int DEFAULT NULL,
  `match_winner` int DEFAULT NULL,
  PRIMARY KEY (`id`)
) ENGINE=InnoDB AUTO_INCREMENT=1237182 DEFAULT CHARSET=utf8 COLLATE=utf8_spanish_ci;
/*!40101 SET character_set_client = @saved_cs_client */;

--
-- Dumping data for table `match`
--

LOCK TABLES `match` WRITE;
/*!40000 ALTER TABLE `match` DISABLE KEYS */;
INSERT INTO `match` VALUES (335982,1,5,'2008-04-18',1,1,'field','runs',140,'N',NULL,48,1,1,5),(335983,2,8,'2008-04-19',2,8,'bat','runs',33,'N',NULL,8,2,2,8),(335984,3,6,'2008-04-19',3,6,'bat','wickets',9,'N',NULL,49,3,3,3),(335985,4,1,'2008-04-20',4,4,'bat','wickets',5,'N',NULL,14,4,4,1),(335986,5,7,'2008-04-20',5,7,'bat','wickets',5,'N',NULL,50,5,5,5),(335987,6,2,'2008-04-21',6,2,'bat','wickets',6,'N',NULL,49,6,6,6),(335988,7,3,'2008-04-22',7,7,'bat','wickets',9,'N',NULL,9,7,7,3),(335989,8,4,'2008-04-23',8,4,'field','runs',6,'N',NULL,4,3,8,8),(335990,7,6,'2008-04-24',7,6,'field','wickets',3,'N',NULL,48,8,9,6),(335991,2,4,'2008-04-25',2,4,'field','runs',66,'N',NULL,49,7,10,2),(335992,1,6,'2008-04-26',1,6,'field','wickets',7,'N',NULL,8,9,6,6),(335993,8,5,'2008-04-26',8,5,'bat','wickets',9,'N',NULL,50,10,11,8),(335994,4,7,'2008-04-27',9,7,'field','wickets',10,'N',NULL,48,2,12,7),(335995,2,3,'2008-04-27',2,3,'bat','wickets',4,'N',NULL,1,11,13,2),(335996,1,8,'2008-04-28',1,8,'bat','runs',13,'N',NULL,12,6,14,8),(335997,5,4,'2008-04-29',5,5,'bat','wickets',7,'N',NULL,50,10,15,4),(335998,3,1,'2008-04-30',3,1,'field','runs',10,'N',NULL,49,11,16,3),(335999,7,2,'2008-05-01',7,2,'field','wickets',7,'N',NULL,12,6,17,2),(336000,6,5,'2008-05-01',6,6,'bat','runs',45,'N',NULL,1,3,18,6),(336001,8,3,'2008-05-02',8,8,'bat','wickets',8,'N',NULL,50,5,7,3),(336002,7,1,'2008-05-25',7,7,'bat','wickets',5,'N',NULL,48,1,19,1),(336003,2,5,'2008-05-03',2,2,'bat','runs',9,'N',NULL,4,11,20,2),(336004,4,3,'2008-05-04',9,3,'field','runs',29,'N',NULL,9,1,21,4),(336005,6,8,'2008-05-04',6,8,'bat','wickets',8,'N',NULL,48,10,22,6),(336006,1,2,'2008-05-05',1,2,'field','wickets',6,'N',NULL,14,12,23,2),(336007,8,7,'2008-05-06',8,7,'field','wickets',7,'N',NULL,8,6,12,7),(336008,4,6,'2008-05-07',9,4,'field','wickets',7,'N',NULL,4,1,24,4),(336009,3,8,'2008-05-08',3,8,'field','wickets',4,'N',NULL,49,6,14,8),(336010,5,1,'2008-05-08',5,5,'bat','runs',5,'N',NULL,48,9,25,5),(336011,6,7,'2008-05-09',6,6,'field','wickets',8,'N',NULL,8,7,9,6),(336012,1,4,'2008-05-28',1,4,'field','wickets',9,'N',NULL,50,10,26,4),(336013,8,2,'2008-05-10',8,2,'field','runs',18,'N',NULL,10,13,27,8),(336014,7,5,'2008-05-11',7,5,'bat','runs',23,'N',NULL,9,7,25,5),(336015,6,3,'2008-05-11',6,6,'field','wickets',3,'N',NULL,14,1,6,6),(336016,2,1,'2008-05-12',2,1,'bat','wickets',9,'N',NULL,12,11,17,2),(336017,5,3,'2008-05-13',5,5,'bat','runs',23,'N',NULL,48,9,28,5),(336018,4,8,'2008-05-14',4,4,'field','wickets',9,'N',NULL,12,7,15,4),(336019,2,6,'2008-05-28',2,6,'field','runs',41,'N',NULL,14,5,17,2),(336020,3,7,'2008-05-15',3,7,'field','runs',12,'N',NULL,13,3,29,3),(336021,4,5,'2008-05-16',4,4,'field','wickets',8,'N',NULL,12,4,21,4),(336022,3,2,'2008-05-17',3,3,'bat','runs',6,'N','D/L',10,1,30,2),(336023,6,1,'2008-05-17',6,1,'field','runs',65,'N',NULL,50,2,31,6),(336024,7,4,'2008-05-18',7,7,'field','runs',25,'N',NULL,12,4,32,4),(336025,5,8,'2008-05-18',5,5,'bat','runs',3,'N','D/L',48,5,33,8),(336026,1,3,'2008-05-19',1,3,'field','wickets',5,'N',NULL,14,3,34,3),(336027,5,6,'2008-05-20',5,6,'field','wickets',6,'N',NULL,13,1,9,6),(336028,4,2,'2008-05-21',4,4,'field','runs',1,'N',NULL,50,3,17,2),(336029,8,1,'2008-05-21',8,1,'bat','runs',14,'N',NULL,4,11,35,1),(336031,2,7,'2008-05-23',2,2,'field','wickets',6,'N',NULL,48,14,17,2),(336032,3,4,'2008-05-24',3,3,'field','wickets',5,'N',NULL,50,5,36,3),(336033,8,6,'2008-05-24',8,6,'bat','runs',10,'N',NULL,4,2,37,6),(336034,1,7,'2008-05-03',1,7,'field','runs',3,'N',NULL,12,2,38,1),(336035,5,2,'2008-05-25',5,2,'bat','wickets',3,'N',NULL,14,11,39,5),(336036,6,4,'2008-05-26',6,6,'field','wickets',5,'N',NULL,50,5,22,6),(336037,7,8,'2008-05-27',7,7,'bat','wickets',7,'N',NULL,13,7,40,8),(336038,3,6,'2008-05-30',4,3,'field','runs',105,'N',NULL,50,1,6,6),(336039,8,2,'2008-05-31',4,2,'bat','wickets',9,'N',NULL,48,4,33,8),(336040,8,6,'2008-06-01',9,6,'field','wickets',3,'N',NULL,50,1,9,6),(392181,8,4,'2009-04-18',10,8,'field','runs',19,'N',NULL,12,5,41,4),(392182,1,6,'2009-04-18',10,1,'bat','runs',75,'N',NULL,12,6,42,1),(392183,3,2,'2009-04-19',10,3,'field','wickets',10,'N','D/L',8,15,43,3),(392184,7,5,'2009-04-19',10,5,'bat','wickets',8,'N',NULL,8,12,44,7),(392185,1,8,'2009-04-20',11,8,'bat','runs',92,'N',NULL,13,16,45,8),(392186,2,5,'2009-04-21',12,5,'field','runs',11,'N','D/L',4,15,46,5),(392188,1,7,'2009-04-22',10,7,'bat','runs',24,'N',NULL,17,7,12,7),(392189,8,3,'2009-04-23',12,3,'bat','runs',9,'N',NULL,12,16,47,3),(392190,5,6,'2009-04-23',10,5,'field','tie',NULL,'Y',NULL,8,17,9,6),(392191,1,2,'2009-04-24',12,1,'bat','wickets',7,'N',NULL,12,18,48,2),(392192,7,4,'2009-04-25',12,7,'bat','runs',12,'N',NULL,21,16,49,7),(392194,1,3,'2009-04-26',11,1,'bat','wickets',6,'N',NULL,29,13,50,3),(392195,2,6,'2009-04-26',10,2,'bat','runs',27,'N',NULL,17,5,10,2),(392196,8,7,'2009-04-27',12,7,'field','wickets',6,'N',NULL,9,18,51,7),(392197,5,4,'2009-04-27',11,4,'bat','runs',92,'N',NULL,13,6,41,4),(392198,3,6,'2009-04-28',13,3,'bat','wickets',5,'N',NULL,51,1,9,6),(392199,1,5,'2009-04-29',12,5,'bat','wickets',5,'N',NULL,8,18,4,1),(392200,2,4,'2009-04-29',12,2,'bat','runs',3,'N',NULL,8,2,10,2),(392201,7,3,'2009-04-30',13,3,'field','wickets',6,'N',NULL,51,7,52,3),(392202,8,6,'2009-04-30',13,6,'field','runs',38,'N',NULL,51,1,40,8),(392203,5,4,'2009-05-01',14,4,'bat','runs',9,'N',NULL,17,19,53,4),(392204,1,2,'2009-05-01',12,1,'bat','runs',8,'N',NULL,21,20,54,1),(392205,7,6,'2009-05-02',11,7,'bat','wickets',3,'N',NULL,29,13,9,6),(392206,8,3,'2009-05-02',15,3,'field','runs',18,'N',NULL,4,1,55,8),(392207,2,5,'2009-05-03',11,5,'bat','wickets',6,'N',NULL,29,8,30,2),(392208,1,4,'2009-05-03',15,4,'bat','wickets',9,'N',NULL,1,18,56,1),(392209,8,7,'2009-05-04',14,8,'bat','runs',78,'N',NULL,12,17,14,8),(392210,2,6,'2009-05-05',12,2,'field','runs',78,'N',NULL,22,9,31,6),(392211,3,5,'2009-05-05',12,5,'bat','wickets',9,'N',NULL,51,9,57,3),(392212,7,4,'2009-05-06',13,7,'bat','runs',19,'N',NULL,8,21,58,7),(392213,1,6,'2009-05-07',13,6,'field','wickets',7,'N',NULL,5,4,59,6),(392214,8,2,'2009-05-07',13,8,'bat','runs',12,'N','D/L',4,18,8,8),(392215,3,4,'2009-05-08',14,4,'bat','wickets',7,'N',NULL,17,19,24,3),(392216,7,2,'2009-05-09',16,2,'field','wickets',3,'N',NULL,51,7,30,2),(392217,8,6,'2009-05-09',16,6,'bat','wickets',7,'N',NULL,51,21,60,8),(392218,1,4,'2009-05-10',11,4,'bat','runs',16,'N',NULL,12,13,53,4),(392219,3,5,'2009-05-10',15,3,'field','wickets',7,'N',NULL,2,6,29,3),(392220,7,6,'2009-05-11',16,7,'bat','runs',53,'N',NULL,51,21,61,7),(392221,1,5,'2009-05-12',13,1,'field','wickets',6,'N',NULL,17,22,62,1),(392222,2,4,'2009-05-12',13,2,'bat','wickets',8,'N',NULL,22,1,63,4),(392223,7,3,'2009-05-13',12,7,'field','runs',12,'N',NULL,4,2,64,3),(392224,1,8,'2009-05-14',12,8,'bat','wickets',2,'N',NULL,12,4,62,1),(392225,4,6,'2009-05-14',12,6,'bat','runs',2,'N',NULL,12,4,65,6),(392226,3,2,'2009-05-15',17,2,'field','wickets',6,'N',NULL,21,9,66,2),(392227,8,4,'2009-05-16',11,4,'bat','wickets',7,'N',NULL,19,16,8,8),(392228,7,5,'2009-05-16',15,7,'field','wickets',6,'N',NULL,1,20,58,7),(392229,7,2,'2009-05-17',15,7,'field','runs',1,'N',NULL,20,6,54,2),(392230,3,6,'2009-05-17',17,3,'bat','runs',14,'N',NULL,22,9,47,3),(392231,8,5,'2009-05-18',13,8,'bat','wickets',7,'N',NULL,16,6,67,5),(392232,1,3,'2009-05-19',15,3,'bat','wickets',7,'N',NULL,9,6,56,1),(392233,5,6,'2009-05-20',12,5,'field','wickets',4,'N',NULL,13,16,68,5),(392234,8,2,'2009-05-20',12,8,'bat','runs',24,'N',NULL,13,16,45,8),(392235,3,4,'2009-05-21',13,3,'field','wickets',4,'N',NULL,9,20,7,3),(392236,1,7,'2009-05-21',13,1,'bat','runs',12,'N',NULL,9,20,69,1),(392237,3,7,'2009-05-22',13,7,'field','wickets',6,'N',NULL,12,4,12,7),(392238,1,8,'2009-05-23',15,1,'field','wickets',6,'N',NULL,1,16,69,1),(392239,1,7,'2009-05-24',15,1,'field','runs',6,'N',NULL,1,16,35,7),(419106,7,5,'2010-03-12',9,7,'field','runs',11,'N',NULL,1,6,70,5),(419107,4,6,'2010-03-13',18,4,'bat','runs',4,'N',NULL,1,6,9,4),(419108,2,3,'2010-03-13',2,3,'field','wickets',5,'N',NULL,12,20,57,3),(419109,5,1,'2010-03-14',5,5,'field','wickets',7,'N',NULL,21,7,71,5),(419110,8,7,'2010-03-14',8,7,'bat','runs',31,'N',NULL,5,4,72,7),(419111,6,3,'2010-03-15',19,3,'field','wickets',6,'N',NULL,13,1,7,3),(419112,1,2,'2010-03-16',1,2,'bat','wickets',8,'N',NULL,30,4,56,1),(419113,5,8,'2010-03-16',5,8,'bat','runs',55,'N',NULL,21,7,14,8),(419114,3,4,'2010-03-17',3,3,'field','runs',98,'N',NULL,12,19,41,4),(419115,1,6,'2010-03-18',1,1,'field','wickets',10,'N',NULL,5,4,56,1),(419116,3,8,'2010-03-19',3,3,'bat','wickets',5,'N',NULL,12,19,8,8),(419117,7,2,'2010-03-19',20,2,'field','runs',6,'N',NULL,50,17,73,7),(419118,6,5,'2010-03-20',19,6,'bat','runs',34,'N',NULL,1,6,74,6),(419119,4,1,'2010-03-20',18,4,'bat','wickets',7,'N',NULL,21,22,56,1),(419120,7,3,'2010-03-21',20,7,'bat','runs',10,'N',NULL,50,17,73,7),(419121,8,2,'2010-03-21',8,8,'field','tie',NULL,'Y',NULL,5,4,75,2),(419122,4,5,'2010-03-22',18,5,'bat','wickets',7,'N',NULL,22,16,41,4),(419123,1,8,'2010-03-23',1,8,'field','runs',36,'N',NULL,1,6,76,1),(419124,2,6,'2010-03-24',2,2,'field','runs',31,'N',NULL,12,19,77,6),(419125,4,8,'2010-03-25',18,4,'field','wickets',5,'N',NULL,50,7,41,4),(419126,6,7,'2010-03-26',19,7,'bat','wickets',8,'N',NULL,21,16,9,6),(419127,2,5,'2010-03-27',2,5,'bat','runs',39,'N',NULL,12,20,71,5),(419128,1,3,'2010-03-25',1,1,'field','runs',17,'N',NULL,13,1,78,3),(419129,6,8,'2010-03-28',19,6,'bat','runs',17,'N',NULL,22,16,79,6),(419130,7,4,'2010-03-28',9,7,'field','runs',41,'N',NULL,30,5,63,4),(419131,3,5,'2010-03-29',3,3,'bat','runs',40,'N',NULL,22,16,80,3),(419132,4,2,'2010-03-30',18,4,'field','wickets',4,'N',NULL,12,19,81,4),(419133,8,1,'2010-03-31',8,1,'bat','wickets',5,'N',NULL,13,1,82,8),(419134,3,6,'2010-03-31',3,3,'bat','runs',67,'N',NULL,21,16,36,3),(419135,5,7,'2010-04-01',5,5,'bat','runs',24,'N',NULL,5,4,25,5),(419136,2,1,'2010-04-02',2,2,'bat','wickets',6,'N',NULL,50,17,83,1),(419137,8,6,'2010-04-03',8,8,'bat','runs',23,'N',NULL,1,6,82,8),(419138,4,7,'2010-04-03',18,4,'bat','runs',63,'N',NULL,12,20,84,4),(419139,5,2,'2010-04-04',5,5,'bat','wickets',8,'N',NULL,29,4,30,2),(419140,3,1,'2010-04-04',3,3,'bat','runs',37,'N',NULL,50,17,85,3),(419141,7,6,'2010-04-05',21,6,'bat','runs',2,'N',NULL,21,16,65,6),(419142,8,4,'2010-04-06',8,8,'bat','runs',24,'N',NULL,29,4,40,8),(419143,6,2,'2010-04-07',6,2,'bat','wickets',9,'N',NULL,20,19,86,6),(419144,5,3,'2010-04-07',5,5,'bat','runs',14,'N',NULL,13,1,25,5),(419145,1,7,'2010-04-08',1,7,'field','wickets',7,'N',NULL,29,4,87,7),(419146,2,4,'2010-04-09',2,4,'bat','wickets',6,'N',NULL,17,7,10,2),(419147,7,8,'2010-04-10',21,8,'bat','wickets',6,'N',NULL,21,16,88,7),(419148,1,5,'2010-04-10',1,1,'field','wickets',7,'N',NULL,5,4,19,1),(419149,3,2,'2010-04-11',3,3,'bat','wickets',7,'N',NULL,50,7,89,2),(419150,6,4,'2010-04-11',6,6,'field','runs',37,'N',NULL,12,19,41,4),(419151,7,1,'2010-04-12',21,1,'field','runs',13,'N',NULL,1,6,90,7),(419152,4,3,'2010-04-13',18,4,'bat','runs',39,'N',NULL,29,4,91,4),(419153,8,5,'2010-04-13',8,5,'bat','wickets',9,'N',NULL,22,16,92,8),(419154,6,1,'2010-04-14',6,6,'bat','wickets',5,'N',NULL,12,20,83,1),(419155,8,3,'2010-04-15',8,8,'bat','wickets',6,'N',NULL,21,22,57,3),(419156,2,7,'2010-04-16',22,7,'field','wickets',5,'N',NULL,17,7,58,7),(419157,1,4,'2010-04-17',1,1,'field','runs',57,'N',NULL,21,16,93,4),(419158,5,6,'2010-04-17',5,6,'bat','wickets',8,'N',NULL,13,6,94,5),(419159,2,8,'2010-04-18',22,8,'field','wickets',6,'N',NULL,50,7,14,8),(419160,3,7,'2010-04-18',3,7,'bat','runs',11,'N',NULL,12,19,73,7),(419161,5,4,'2010-04-19',5,4,'bat','wickets',9,'N',NULL,13,1,95,5),(419162,1,4,'2010-04-21',9,4,'bat','runs',35,'N',NULL,12,6,91,4),(419163,8,7,'2010-04-22',9,8,'bat','runs',38,'N',NULL,12,6,96,8),(419164,1,7,'2010-04-24',9,7,'bat','wickets',9,'N',NULL,1,16,35,1),(419165,8,4,'2010-04-25',9,8,'bat','runs',22,'N',NULL,1,16,40,8),(501198,8,5,'2011-04-08',8,8,'bat','runs',2,'N',NULL,12,23,97,8),(501199,7,6,'2011-04-09',7,6,'field','wickets',8,'N',NULL,1,19,98,6),(501200,9,1,'2011-04-09',23,9,'bat','wickets',6,'N',NULL,21,5,47,1),(501201,3,4,'2011-04-10',3,3,'bat','wickets',8,'N',NULL,7,6,81,4),(501202,10,2,'2011-04-10',9,2,'bat','wickets',7,'N',NULL,12,23,99,10),(501203,5,7,'2011-04-11',5,5,'bat','runs',9,'N',NULL,1,19,56,5),(501204,6,3,'2011-04-12',6,3,'bat','wickets',6,'N',NULL,49,6,65,6),(501205,1,4,'2011-04-12',1,4,'field','wickets',9,'N',NULL,21,24,41,4),(501206,2,8,'2011-04-13',2,2,'field','wickets',6,'N',NULL,48,2,100,2),(501207,10,9,'2011-04-13',9,9,'bat','wickets',4,'N',NULL,29,23,101,10),(501208,7,1,'2011-04-14',7,1,'field','runs',33,'N',NULL,1,20,102,7),(501209,6,5,'2011-04-15',6,5,'field','wickets',9,'N',NULL,49,22,57,5),(501210,4,9,'2011-04-15',4,9,'field','wickets',8,'N',NULL,12,23,1,9),(501211,8,1,'2011-04-16',8,8,'bat','runs',21,'N',NULL,21,24,2,8),(501212,7,2,'2011-04-16',7,2,'field','wickets',8,'N',NULL,1,20,100,2),(501213,10,3,'2011-04-17',9,3,'field','wickets',3,'N',NULL,48,7,54,3),(501214,5,6,'2011-04-17',5,5,'field','wickets',8,'N',NULL,49,6,27,5),(501215,9,8,'2011-04-18',23,9,'field','wickets',7,'N','D/L',5,24,1,9),(501216,3,7,'2011-04-19',3,7,'bat','runs',16,'N',NULL,23,25,103,7),(501218,4,10,'2011-04-20',4,10,'bat','wickets',7,'N',NULL,48,7,104,4),(501219,5,9,'2011-04-20',5,5,'field','runs',6,'N',NULL,49,6,30,9),(501220,2,6,'2011-04-21',2,6,'field','runs',48,'N',NULL,29,23,17,2),(501221,4,8,'2011-04-22',4,8,'field','runs',8,'N',NULL,48,7,63,4),(501222,5,1,'2011-04-22',5,1,'field','wickets',9,'N',NULL,22,6,46,1),(501223,3,2,'2011-04-23',3,2,'field','runs',29,'N',NULL,29,1,80,3),(501224,7,4,'2011-04-24',7,7,'field','runs',37,'N',NULL,21,24,81,4),(501225,6,9,'2011-04-24',6,6,'field','wickets',8,'N',NULL,12,19,65,6),(501226,8,10,'2011-04-25',8,10,'field','runs',25,'N',NULL,49,6,2,8),(501227,3,1,'2011-04-26',3,1,'field','wickets',3,'N',NULL,29,25,105,1),(501228,10,8,'2011-04-27',9,10,'bat','wickets',8,'N',NULL,48,2,96,8),(501229,9,7,'2011-04-27',23,9,'field','runs',55,'N',NULL,21,24,106,7),(501230,3,5,'2011-04-28',3,3,'field','runs',17,'N',NULL,23,25,71,5),(501231,6,4,'2011-04-29',6,6,'field','wickets',7,'N',NULL,48,19,107,6),(501232,1,10,'2011-04-29',1,10,'field','runs',26,'N',NULL,49,22,105,1),(501233,9,3,'2011-04-30',23,3,'bat','runs',38,'N',NULL,21,24,7,3),(501234,5,2,'2011-04-30',5,5,'field','wickets',8,'N',NULL,7,2,108,5),(501235,6,10,'2011-05-01',6,6,'field','wickets',6,'N',NULL,19,16,62,6),(501236,8,7,'2011-05-01',8,8,'bat','runs',19,'N',NULL,49,6,37,8),(501237,4,2,'2011-05-02',4,2,'field','runs',23,'N',NULL,21,23,91,4),(501238,3,9,'2011-05-02',3,9,'field','wickets',7,'N',NULL,48,2,109,9),(501239,7,5,'2011-05-03',7,7,'field','runs',20,'N',NULL,29,25,9,5),(501240,8,6,'2011-05-04',8,6,'bat','wickets',8,'N',NULL,22,6,2,8),(501241,10,4,'2011-05-04',9,10,'field','runs',21,'N',NULL,21,16,110,4),(501242,9,5,'2011-05-05',23,5,'field','runs',17,'N',NULL,20,25,67,9),(501243,7,3,'2011-05-05',7,3,'field','wickets',4,'N',NULL,48,7,7,3),(501244,1,2,'2011-05-06',1,2,'field','runs',85,'N',NULL,49,6,46,1),(501245,5,8,'2011-05-07',5,8,'bat','runs',10,'N','D/L',48,23,108,5),(501246,4,3,'2011-05-07',4,3,'field','runs',32,'N',NULL,5,16,84,4),(501247,1,9,'2011-05-08',1,9,'bat','wickets',9,'N',NULL,49,22,46,1),(501248,2,10,'2011-05-08',2,2,'bat','wickets',5,'N',NULL,19,25,110,10),(501249,6,8,'2011-05-09',6,6,'field','runs',63,'N',NULL,5,16,82,8),(501250,7,10,'2011-05-10',7,7,'bat','wickets',6,'N',NULL,48,7,111,10),(501251,2,4,'2011-05-10',2,4,'field','runs',76,'N',NULL,19,25,112,2),(501252,6,1,'2011-05-11',6,1,'field','wickets',9,'N',NULL,21,5,113,1),(501253,8,3,'2011-05-12',8,8,'bat','runs',18,'N',NULL,7,2,14,8),(501254,9,2,'2011-05-13',24,2,'field','wickets',6,'N',NULL,29,25,36,2),(501255,1,5,'2011-05-14',1,1,'field','wickets',4,'N','D/L',1,6,46,1),(501256,4,7,'2011-05-14',4,7,'bat','runs',10,'N',NULL,20,19,29,7),(501257,2,3,'2011-05-15',22,3,'field','runs',29,'N',NULL,48,2,89,2),(501258,9,6,'2011-05-15',24,9,'field','wickets',8,'N',NULL,23,25,67,9),(501259,10,7,'2011-05-16',9,7,'field','wickets',6,'N',NULL,20,19,29,7),(501260,2,1,'2011-05-17',22,2,'bat','runs',111,'N',NULL,48,7,12,2),(501261,8,9,'2011-05-18',8,8,'bat','runs',11,'N',NULL,21,1,114,8),(501262,10,5,'2011-05-19',9,5,'field','wickets',7,'N',NULL,20,16,9,5),(501263,4,6,'2011-05-20',4,4,'bat','wickets',10,'N',NULL,1,23,6,6),(501264,2,7,'2011-05-21',22,2,'field','runs',82,'N',NULL,48,7,115,7),(501265,3,10,'2011-05-21',3,3,'bat',NULL,NULL,NULL,NULL,22,25,NULL,NULL),(501266,1,8,'2011-05-22',1,1,'field','wickets',8,'N',NULL,5,1,46,1),(501267,5,4,'2011-05-22',5,4,'field','wickets',5,'N',NULL,19,16,117,4),(501268,1,8,'2011-05-24',4,8,'field','wickets',6,'N',NULL,48,16,40,8),(501269,4,5,'2011-05-25',4,4,'field','wickets',4,'N',NULL,48,16,104,4),(501270,1,4,'2011-05-27',8,4,'field','runs',43,'N',NULL,48,16,46,1),(501271,8,1,'2011-05-28',8,8,'bat','runs',58,'N',NULL,48,16,82,8),(548306,8,4,'2012-04-04',8,4,'field','wickets',8,'N',NULL,27,16,118,4),(548307,5,3,'2012-04-05',5,3,'field','wickets',8,'N',NULL,29,21,20,3),(548308,4,10,'2012-04-06',4,4,'field','runs',28,'N',NULL,32,16,119,10),(548309,6,2,'2012-04-06',6,2,'field','runs',31,'N',NULL,50,19,120,6),(548310,1,3,'2012-04-07',1,3,'field','runs',20,'N',NULL,29,20,47,1),(548311,7,8,'2012-04-07',25,7,'field','runs',74,'N',NULL,27,21,121,8),(548312,6,5,'2012-04-08',6,5,'field','runs',22,'N',NULL,50,26,67,6),(548313,10,2,'2012-04-08',26,10,'bat','runs',22,'N',NULL,30,16,122,10),(548314,7,4,'2012-04-09',25,7,'bat','wickets',5,'N',NULL,32,27,58,4),(548315,1,5,'2012-04-10',1,1,'field','runs',42,'N',NULL,20,25,27,5),(548316,3,8,'2012-04-10',3,3,'field','wickets',8,'N',NULL,48,19,123,3),(548317,4,6,'2012-04-11',4,6,'field','runs',27,'N',NULL,49,28,91,4),(548318,8,1,'2012-04-12',8,1,'bat','wickets',5,'N',NULL,21,25,124,8),(548319,2,10,'2012-04-12',2,2,'field','wickets',7,'N',NULL,26,19,125,2),(548320,5,6,'2012-04-13',5,6,'bat','wickets',5,'N',NULL,48,29,126,5),(548321,3,7,'2012-04-19',3,7,'bat','wickets',5,'N',NULL,50,19,83,3),(548322,10,8,'2012-04-14',26,8,'bat','wickets',7,'N',NULL,49,28,127,10),(548323,5,2,'2012-04-15',5,5,'field','runs',2,'N',NULL,48,29,128,2),(548324,1,6,'2012-04-15',1,6,'bat','runs',59,'N',NULL,27,25,120,6),(548325,4,3,'2012-04-16',4,3,'field','wickets',7,'N',NULL,50,19,129,3),(548326,6,7,'2012-04-17',6,7,'bat','wickets',5,'N',NULL,49,28,67,6),(548327,1,10,'2012-04-17',1,10,'bat','wickets',6,'N',NULL,29,30,46,1),(548328,2,5,'2012-04-18',2,2,'bat','wickets',8,'N',NULL,27,25,57,5),(548329,7,3,'2012-05-10',7,7,'bat','wickets',9,'N',NULL,27,16,80,3),(548330,8,10,'2012-04-19',8,10,'field','runs',13,'N',NULL,48,30,130,8),(548331,2,1,'2012-04-20',2,1,'field','wickets',5,'N',NULL,20,25,46,1),(548332,8,6,'2012-04-21',8,6,'bat','wickets',7,'N',NULL,49,28,124,8),(548333,3,10,'2012-04-21',3,3,'field','runs',20,'N',NULL,48,30,25,10),(548334,4,2,'2012-04-22',4,4,'bat','wickets',6,'N',NULL,20,25,17,2),(548335,7,5,'2012-04-22',20,5,'field','wickets',5,'N',NULL,50,19,66,5),(548336,6,1,'2012-04-23',6,6,'field','runs',46,'N',NULL,48,29,47,1),(548337,10,3,'2012-04-24',26,10,'bat','wickets',8,'N',NULL,20,25,7,3),(548339,2,4,'2012-04-25',2,2,'bat','wickets',4,'N',NULL,49,28,84,4),(548341,10,7,'2012-04-26',26,7,'bat','runs',18,'N',NULL,20,25,131,7),(548342,3,4,'2012-04-27',3,4,'field','runs',37,'N',NULL,49,28,7,3),(548343,8,2,'2012-04-28',8,2,'bat','runs',7,'N',NULL,50,19,132,2),(548344,5,1,'2012-04-28',5,5,'bat','runs',47,'N',NULL,48,12,57,5),(548345,3,6,'2012-04-29',3,3,'bat','runs',1,'N',NULL,20,25,7,3),(548346,4,7,'2012-04-29',4,4,'field','wickets',5,'N',NULL,32,28,102,4),(548347,8,5,'2012-04-30',8,8,'bat','wickets',5,'N',NULL,50,31,57,5),(548348,7,10,'2012-05-01',20,7,'bat','runs',13,'N',NULL,49,32,10,7),(548349,6,3,'2012-05-01',6,6,'bat','wickets',6,'N',NULL,27,16,133,3),(548350,1,2,'2012-05-02',1,2,'field','wickets',4,'N',NULL,50,31,134,2),(548351,10,4,'2012-05-03',26,4,'bat','runs',1,'N',NULL,48,29,81,4),(548352,8,7,'2012-05-04',8,8,'bat','runs',10,'N',NULL,21,28,40,8),(548353,5,10,'2012-05-05',5,5,'bat','runs',7,'N',NULL,50,19,128,5),(548354,2,6,'2012-05-05',2,6,'bat','runs',43,'N',NULL,27,16,6,6),(548355,4,8,'2012-05-06',4,4,'field','wickets',2,'N',NULL,48,29,61,4),(548356,1,7,'2012-05-06',1,1,'field','wickets',5,'N',NULL,21,28,47,1),(548357,3,5,'2012-05-07',3,3,'bat','wickets',6,'N',NULL,27,20,56,5),(548358,10,6,'2012-05-08',26,10,'bat','wickets',7,'N',NULL,48,12,6,6),(548359,7,2,'2012-05-08',7,7,'field','runs',25,'N',NULL,21,28,132,2),(548360,4,1,'2012-05-09',4,1,'field','wickets',9,'N',NULL,50,26,46,1),(548361,6,8,'2012-05-10',6,8,'field','wickets',4,'N',NULL,28,31,135,8),(548362,10,1,'2012-05-11',26,10,'field','runs',35,'N',NULL,50,19,46,1),(548363,5,4,'2012-05-12',5,4,'bat','runs',27,'N',NULL,20,16,58,4),(548364,8,3,'2012-05-12',8,8,'field','wickets',9,'N',NULL,30,12,135,8),(548365,6,10,'2012-05-13',6,6,'bat','runs',45,'N',NULL,50,19,136,6),(548366,2,7,'2012-05-13',2,7,'bat','wickets',4,'N',NULL,21,28,5,2),(548367,1,4,'2012-05-14',1,4,'field','wickets',5,'N',NULL,30,12,84,4),(548368,5,8,'2012-05-14',5,8,'field','wickets',5,'N',NULL,27,16,2,8),(548369,3,2,'2012-05-15',3,2,'bat','wickets',5,'N',NULL,21,28,137,3),(548370,4,5,'2012-05-16',4,4,'field','runs',32,'N',NULL,30,12,128,5),(548371,2,8,'2012-05-17',22,2,'field','wickets',6,'N',NULL,26,19,12,2),(548372,3,1,'2012-05-17',3,3,'field','runs',21,'N',NULL,21,31,46,1),(548373,7,6,'2012-05-18',7,6,'bat','wickets',5,'N',NULL,20,16,102,7),(548374,2,3,'2012-05-19',22,3,'field','wickets',6,'N',NULL,50,26,137,3),(548375,10,5,'2012-05-19',26,5,'bat','runs',34,'N',NULL,29,12,126,5),(548376,7,1,'2012-05-20',7,1,'field','runs',9,'N',NULL,20,16,102,7),(548377,6,4,'2012-05-20',6,6,'bat','wickets',10,'N',NULL,21,31,61,4),(548378,3,5,'2012-05-22',26,5,'bat','runs',18,'N',NULL,12,16,9,5),(548379,8,4,'2012-05-23',1,4,'field','runs',38,'N',NULL,50,21,14,8),(548380,3,8,'2012-05-25',8,3,'field','runs',86,'N',NULL,12,16,82,8),(548381,5,8,'2012-05-27',8,8,'bat','wickets',5,'N',NULL,50,16,138,5),(597998,5,3,'2013-04-03',5,5,'field','wickets',6,'N',NULL,20,16,128,5),(597999,1,4,'2013-04-04',1,4,'field','runs',2,'N',NULL,26,31,46,1),(598000,11,10,'2013-04-05',7,10,'field','runs',22,'N',NULL,20,16,29,11),(598001,3,6,'2013-04-06',3,6,'bat','runs',5,'N',NULL,30,31,42,6),(598002,8,4,'2013-04-06',8,4,'bat','runs',9,'N',NULL,17,26,91,4),(598003,10,2,'2013-04-07',26,10,'bat','wickets',8,'N',NULL,29,16,139,2),(598004,11,1,'2013-04-07',7,1,'bat','tie',NULL,'Y',NULL,32,20,140,11),(598005,6,5,'2013-04-08',6,5,'field','runs',19,'N',NULL,49,30,98,6),(598006,4,3,'2013-04-09',4,4,'bat','runs',44,'N',NULL,17,26,36,4),(598007,2,8,'2013-04-10',2,8,'field','wickets',10,'N',NULL,49,31,2,8),(598008,1,5,'2013-04-11',1,1,'field','wickets',8,'N',NULL,48,32,46,1),(598009,10,6,'2013-04-11',26,6,'bat','wickets',7,'N',NULL,17,33,141,10),(598010,3,11,'2013-04-12',3,3,'bat','wickets',3,'N',NULL,49,34,29,11),(598011,4,10,'2013-04-13',4,4,'bat','runs',41,'N',NULL,20,16,58,4),(598012,8,1,'2013-04-13',8,8,'field','wickets',4,'N',NULL,48,32,121,8),(598013,5,11,'2013-04-14',5,5,'bat','runs',48,'N',NULL,17,26,57,5),(598014,6,2,'2013-04-14',6,6,'field','wickets',6,'N',NULL,49,31,142,6),(598015,8,10,'2013-04-15',8,10,'bat','runs',24,'N',NULL,48,32,119,10),(598016,2,5,'2013-04-16',2,5,'field','runs',4,'N',NULL,35,16,143,2),(598017,1,3,'2013-04-16',1,1,'field','tie',NULL,'Y',NULL,17,26,105,1),(598018,10,11,'2013-04-17',26,10,'field','runs',11,'N',NULL,48,32,29,11),(598019,6,4,'2013-04-17',6,6,'bat','runs',87,'N',NULL,49,31,120,6),(598020,3,8,'2013-04-18',3,8,'bat','runs',86,'N',NULL,17,26,2,8),(598021,11,2,'2013-04-19',7,2,'bat','wickets',5,'N',NULL,21,35,140,11),(598022,5,8,'2013-04-20',5,5,'bat','wickets',4,'N',NULL,48,32,121,8),(598023,1,6,'2013-04-20',1,1,'field','wickets',7,'N',NULL,49,31,19,1),(598024,3,4,'2013-04-21',3,4,'bat','wickets',9,'N',NULL,21,20,7,3),(598025,2,10,'2013-04-21',2,2,'field','wickets',7,'N',NULL,17,33,144,2),(598026,8,6,'2013-04-22',8,6,'bat','wickets',5,'N',NULL,29,32,2,8),(598027,1,10,'2013-04-23',1,10,'field','runs',130,'N',NULL,49,31,46,1),(598028,2,3,'2013-05-16',22,3,'field','runs',7,'N',NULL,21,20,144,2),(598029,5,4,'2013-04-24',5,5,'bat','wickets',5,'N',NULL,21,20,61,4),(598030,8,11,'2013-04-25',8,11,'bat','wickets',5,'N',NULL,49,30,14,8),(598031,5,2,'2013-04-26',5,2,'bat','wickets',6,'N',NULL,35,20,56,5),(598032,6,11,'2013-04-27',6,11,'bat','wickets',8,'N',NULL,26,33,142,6),(598033,4,1,'2013-04-27',4,4,'bat','runs',58,'N',NULL,48,29,61,4),(598034,8,5,'2013-04-28',8,5,'field','runs',14,'N',NULL,49,16,2,8),(598035,3,10,'2013-04-28',27,10,'field','runs',15,'N',NULL,35,20,80,3),(598036,6,1,'2013-04-29',6,6,'field','wickets',4,'N',NULL,17,33,145,6),(598037,4,2,'2013-04-29',4,4,'bat','runs',4,'N',NULL,48,32,58,4),(598038,10,8,'2013-04-30',26,8,'bat','runs',37,'N',NULL,30,16,14,8),(598039,11,4,'2013-05-01',7,4,'bat','wickets',7,'N',NULL,48,29,106,11),(598040,3,5,'2013-05-01',27,5,'bat','wickets',7,'N',NULL,21,35,80,3),(598041,8,2,'2013-05-02',8,8,'bat','runs',15,'N',NULL,17,26,40,8),(598042,10,1,'2013-05-02',26,1,'bat','runs',17,'N',NULL,49,31,47,1),(598043,5,6,'2013-05-03',5,6,'bat','wickets',8,'N',NULL,21,35,9,5),(598044,11,3,'2013-05-04',7,3,'bat','wickets',6,'N',NULL,48,29,146,11),(598045,1,2,'2013-05-14',1,2,'field','wickets',7,'N',NULL,21,20,12,2),(598046,4,8,'2013-05-05',4,4,'bat','runs',60,'N',NULL,21,35,147,4),(598047,6,10,'2013-05-05',6,10,'bat','wickets',5,'N',NULL,31,25,120,6),(598048,1,11,'2013-04-09',1,11,'bat','wickets',7,'N',NULL,20,16,105,1),(598049,6,3,'2013-05-07',6,3,'bat','wickets',9,'N',NULL,49,25,120,6),(598050,4,5,'2013-05-07',4,4,'bat','runs',65,'N',NULL,21,20,41,4),(598051,11,8,'2013-05-08',7,11,'field','runs',77,'N',NULL,30,36,40,8),(598052,2,6,'2013-05-09',2,6,'field','wickets',8,'N',NULL,21,20,148,6),(598053,10,5,'2013-05-09',26,5,'bat','runs',46,'N',NULL,48,29,57,5),(598054,3,1,'2013-05-10',3,3,'field','runs',4,'N',NULL,36,33,94,1),(598055,10,4,'2013-05-11',26,10,'bat','wickets',5,'N',NULL,48,32,147,4),(598056,2,11,'2013-05-11',2,2,'field','runs',30,'N',NULL,30,25,149,11),(598057,5,1,'2013-05-12',28,5,'field','wickets',5,'N',NULL,36,33,56,5),(598058,6,8,'2013-05-12',6,6,'field','wickets',5,'N',NULL,21,35,6,6),(598059,3,2,'2013-04-23',3,2,'field','wickets',5,'N',NULL,26,33,90,2),(598060,4,11,'2013-05-13',4,11,'bat','wickets',7,'N',NULL,32,16,91,4),(598061,5,10,'2013-05-15',28,5,'field','runs',7,'N',NULL,36,33,69,10),(598062,8,3,'2013-05-14',8,8,'bat','runs',33,'N',NULL,31,25,14,8),(598063,4,6,'2013-05-15',4,6,'field','runs',14,'N',NULL,48,29,150,4),(598064,2,1,'2013-05-06',2,2,'field','wickets',6,'N',NULL,26,36,144,2),(598065,11,6,'2013-05-17',7,11,'bat','runs',23,'N',NULL,48,32,29,11),(598066,2,4,'2013-05-18',22,4,'field','runs',50,'N',NULL,21,35,134,2),(598067,10,3,'2013-05-19',26,10,'bat','runs',38,'N',NULL,36,16,151,10),(598068,1,8,'2013-05-18',1,8,'field','runs',24,'N',NULL,31,25,105,1),(598069,11,5,'2013-05-19',7,5,'bat','wickets',5,'N',NULL,48,29,149,11),(598070,8,4,'2013-05-21',3,8,'bat','runs',48,'N',NULL,36,25,2,8),(598071,6,11,'2013-05-22',3,11,'bat','wickets',4,'N',NULL,20,25,67,6),(598072,4,6,'2013-05-24',5,6,'bat','wickets',4,'N',NULL,31,16,63,4),(598073,8,4,'2013-05-26',5,4,'bat','runs',23,'N',NULL,21,16,91,4),(729279,4,5,'2014-04-16',29,5,'bat','runs',41,'N',NULL,17,37,56,5),(729281,3,1,'2014-04-17',38,1,'field','wickets',8,'N',NULL,49,20,152,1),(729283,8,2,'2014-04-18',29,8,'bat','wickets',6,'N',NULL,37,31,153,2),(729285,11,6,'2014-04-18',29,6,'field','wickets',4,'N',NULL,50,37,120,6),(729287,1,4,'2014-04-19',37,1,'field','wickets',7,'N',NULL,49,32,149,1),(729289,5,3,'2014-04-19',37,5,'bat','wickets',4,'N',NULL,49,26,53,3),(729291,6,2,'2014-04-20',38,2,'field','wickets',7,'N',NULL,50,17,153,2),(729293,8,3,'2014-04-21',29,8,'bat','runs',93,'N',NULL,37,31,40,8),(729295,2,11,'2014-04-22',38,11,'field','runs',72,'N',NULL,17,20,153,2),(729297,6,8,'2014-04-23',37,6,'field','runs',7,'N',NULL,21,37,121,8),(729299,1,5,'2014-04-24',38,1,'field','runs',2,'N',NULL,49,26,154,5),(729301,11,3,'2014-04-25',37,11,'bat','runs',4,'N',NULL,17,20,141,11),(729303,8,4,'2014-04-25',37,4,'bat','wickets',7,'N',NULL,50,17,155,8),(729305,6,1,'2014-04-26',29,6,'field','wickets',6,'N',NULL,21,31,156,6),(729307,5,2,'2014-04-26',29,5,'field','runs',23,'N',NULL,21,37,157,2),(729309,3,4,'2014-04-27',38,4,'bat','wickets',6,'N',NULL,49,26,82,3),(729311,11,8,'2014-04-27',38,11,'bat','wickets',5,'N',NULL,32,26,61,8),(729313,2,1,'2014-04-28',37,2,'field','wickets',5,'N',NULL,50,20,157,2),(729315,5,6,'2014-04-29',29,6,'bat','tie',NULL,'Y',NULL,49,32,142,6),(729317,4,11,'2014-04-30',37,4,'field','runs',15,'N',NULL,21,17,158,11),(733971,8,5,'2014-05-02',28,8,'bat','runs',34,'N',NULL,32,36,121,8),(733973,4,2,'2014-05-03',4,2,'bat','wickets',5,'N',NULL,28,31,159,4),(733975,3,6,'2014-05-03',3,6,'field','wickets',7,'N',NULL,22,20,160,6),(733977,1,11,'2014-05-04',1,1,'field','wickets',4,'N',NULL,21,26,47,1),(733979,6,5,'2014-05-05',19,5,'field','runs',10,'N',NULL,36,35,156,6),(733981,3,8,'2014-05-05',3,8,'field','wickets',8,'N',NULL,52,28,61,8),(733983,4,1,'2014-05-06',4,1,'field','runs',19,'N',NULL,20,33,58,4),(733985,3,5,'2014-05-07',3,3,'bat','wickets',8,'N',NULL,28,31,57,5),(733987,2,8,'2014-05-07',20,8,'field','runs',44,'N',NULL,21,38,153,2),(733989,6,11,'2014-05-08',19,6,'field','runs',32,'N',NULL,32,36,158,11),(733991,1,2,'2014-05-09',1,1,'field','runs',32,'N',NULL,20,33,157,2),(733993,3,11,'2014-05-10',3,11,'field','wickets',8,'N','D/L',52,28,102,11),(733995,4,8,'2014-05-10',4,8,'field','wickets',4,'N',NULL,21,26,61,8),(733997,2,5,'2014-05-11',20,5,'field','wickets',9,'N',NULL,36,35,57,5),(733999,1,6,'2014-05-11',1,1,'bat','wickets',5,'N',NULL,20,25,142,6),(734001,11,4,'2014-05-12',7,11,'bat','wickets',7,'N',NULL,21,26,84,4),(734003,8,6,'2014-05-13',28,6,'bat','wickets',5,'N',NULL,28,31,121,8),(734005,1,3,'2014-05-13',1,3,'field','runs',16,'N',NULL,33,25,54,1),(734007,11,2,'2014-05-14',7,2,'field','wickets',6,'N',NULL,26,38,114,2),(734009,5,4,'2014-05-14',20,5,'field','wickets',6,'N',NULL,32,36,76,5),(734011,6,3,'2014-05-15',19,3,'field','runs',62,'N',NULL,20,25,120,6),(734013,8,1,'2014-05-18',28,8,'bat','wickets',5,'N',NULL,28,31,47,1),(734015,11,5,'2014-05-18',7,11,'bat','wickets',7,'N',NULL,36,35,137,5),(734017,6,4,'2014-05-19',19,4,'bat','runs',25,'N',NULL,20,25,2,4),(734019,3,2,'2014-05-19',3,2,'field','wickets',4,'N',NULL,21,38,161,2),(734021,11,1,'2014-05-20',7,1,'bat','wickets',7,'N',NULL,32,36,80,11),(734023,5,8,'2014-05-20',5,5,'field','wickets',8,'N',NULL,52,31,76,5),(734025,2,4,'2014-05-21',2,4,'field','wickets',7,'N',NULL,21,26,162,4),(734027,5,1,'2014-05-22',5,1,'field','runs',30,'N',NULL,32,35,76,5),(734029,8,11,'2014-05-22',28,11,'field','wickets',6,'N',NULL,28,31,80,11),(734031,4,3,'2014-05-23',4,3,'field','runs',15,'N',NULL,20,25,2,4),(734033,2,6,'2014-05-23',2,6,'field','runs',16,'N',NULL,21,38,17,2),(734035,1,8,'2014-05-24',1,8,'field','wickets',8,'N',NULL,32,36,14,8),(734037,5,11,'2014-05-24',5,5,'field','wickets',4,'N',NULL,52,28,9,5),(734039,2,3,'2014-05-25',2,2,'field','wickets',7,'N',NULL,21,26,139,2),(734041,4,6,'2014-05-25',4,4,'field','wickets',5,'N',NULL,33,25,159,4),(734043,2,5,'2014-05-27',5,2,'field','runs',28,'N',NULL,36,20,137,5),(734045,8,4,'2014-05-28',18,8,'field','wickets',7,'N',NULL,26,28,40,8),(734047,8,2,'2014-05-30',4,8,'field','runs',24,'N',NULL,21,25,7,2),(734049,5,2,'2014-06-01',1,5,'field','wickets',3,'N',NULL,21,28,69,5),(829705,5,4,'2015-04-08',5,5,'field','wickets',7,'N',NULL,20,31,123,5),(829707,8,3,'2015-04-09',8,3,'field','runs',1,'N',NULL,37,26,24,8),(829709,2,6,'2015-04-10',32,2,'field','runs',26,'N',NULL,41,39,142,6),(829711,8,11,'2015-04-11',8,8,'bat','runs',45,'N',NULL,37,26,1,8),(829713,5,1,'2015-04-11',5,1,'field','wickets',3,'N',NULL,20,31,46,1),(829715,3,6,'2015-04-12',3,6,'field','wickets',3,'N',NULL,41,39,163,6),(829717,4,2,'2015-04-12',4,4,'field','runs',18,'N',NULL,32,40,164,2),(829719,1,11,'2015-04-13',1,11,'field','wickets',8,'N',NULL,52,37,80,11),(829721,6,4,'2015-04-14',19,4,'bat','wickets',7,'N',NULL,32,41,119,6),(829723,5,8,'2015-04-30',5,5,'field','wickets',7,'N',NULL,32,17,165,5),(829725,2,3,'2015-04-15',32,2,'bat','wickets',5,'N',NULL,39,33,166,3),(829727,11,6,'2015-04-16',25,6,'field','wickets',6,'N',NULL,38,20,120,6),(829729,4,8,'2015-04-17',4,4,'bat','wickets',6,'N',NULL,32,17,24,8),(829731,11,3,'2015-04-18',25,3,'bat','runs',4,'N',NULL,38,20,53,3),(829733,2,5,'2015-04-18',32,5,'field','wickets',4,'N',NULL,41,35,165,5),(829735,6,8,'2015-04-19',19,8,'bat','wickets',8,'N',NULL,32,17,120,6),(829737,1,4,'2015-04-19',1,1,'field','runs',18,'N',NULL,37,26,63,4),(829739,3,5,'2015-04-20',3,5,'field','wickets',6,'N',NULL,41,39,137,5),(829741,6,2,'2015-04-21',19,2,'field','tie',NULL,'Y',NULL,17,20,17,2),(829743,11,5,'2015-04-22',25,5,'field','runs',16,'N','D/L',37,26,80,11),(829745,1,8,'2015-04-22',1,1,'field','runs',27,'N',NULL,27,31,40,8),(829747,3,4,'2015-04-23',3,4,'field','runs',37,'N',NULL,41,35,167,3),(829749,6,1,'2015-04-24',19,1,'field','wickets',9,'N',NULL,17,20,168,1),(829751,4,11,'2015-04-25',4,4,'bat','runs',20,'N',NULL,21,39,81,4),(829753,8,2,'2015-04-25',8,8,'bat','runs',97,'N',NULL,27,31,1,8),(829757,3,1,'2015-04-26',3,1,'field','wickets',10,'N',NULL,17,20,169,1),(829759,2,11,'2015-04-27',2,2,'field','runs',20,'N',NULL,21,39,170,11),(829761,5,3,'2015-05-07',5,5,'bat','runs',13,'N',NULL,32,17,89,5),(829763,1,6,'2015-04-29',1,6,'field',NULL,NULL,NULL,NULL,27,38,NULL,NULL),(829765,8,5,'2015-04-28',8,5,'field','runs',2,'N',NULL,52,26,32,8),(829767,3,2,'2015-05-01',3,3,'field','wickets',9,'N',NULL,37,20,171,3),(829769,4,6,'2015-05-01',4,6,'field','runs',8,'N',NULL,21,35,84,4),(829771,1,5,'2015-05-02',1,1,'field','wickets',7,'N',NULL,27,38,132,1),(829773,11,8,'2015-05-02',7,8,'field','runs',22,'N',NULL,32,40,80,11),(829775,2,4,'2015-05-03',2,4,'bat','runs',23,'N',NULL,37,26,162,4),(829777,6,3,'2015-05-03',18,3,'field','runs',14,'N',NULL,21,39,120,6),(829779,8,1,'2015-05-04',8,8,'bat','runs',24,'N',NULL,31,33,40,8),(829781,5,11,'2015-05-04',5,11,'field','runs',35,'N',NULL,32,17,137,5),(829783,4,3,'2015-05-05',4,3,'bat','wickets',5,'N',NULL,21,39,63,4),(829785,1,2,'2015-05-06',1,2,'field','runs',138,'N',NULL,37,26,46,1),(829787,6,11,'2015-05-07',18,6,'field','runs',7,'N',NULL,27,31,172,11),(829789,8,4,'2015-05-08',8,8,'bat','wickets',6,'N',NULL,39,35,173,4),(829791,5,2,'2015-05-09',5,2,'bat','wickets',1,'N',NULL,32,21,165,5),(829793,3,11,'2015-05-09',27,11,'bat','runs',6,'N',NULL,26,20,174,11),(829795,4,1,'2015-05-10',4,1,'bat','runs',39,'N',NULL,27,31,47,1),(829797,8,6,'2015-05-10',8,8,'bat','runs',12,'N',NULL,17,35,121,8),(829799,11,2,'2015-05-11',7,11,'bat','runs',5,'N',NULL,32,21,80,11),(829801,3,8,'2015-05-12',27,8,'bat','wickets',6,'N',NULL,37,26,175,3),(829803,2,1,'2015-05-13',2,1,'field','runs',22,'N',NULL,27,31,161,2),(829805,4,5,'2015-05-14',4,5,'field','runs',5,'N',NULL,37,26,173,4),(829807,11,1,'2015-05-15',7,11,'bat','wickets',6,'N','D/L',32,21,105,1),(829809,2,8,'2015-05-16',2,2,'bat','wickets',7,'N',NULL,35,31,133,8),(829811,6,5,'2015-05-16',18,6,'bat','runs',9,'N',NULL,52,37,6,6),(829813,1,3,'2015-05-17',1,1,'field',NULL,NULL,NULL,NULL,21,40,NULL,NULL),(829815,11,4,'2015-05-17',7,11,'bat','wickets',9,'N',NULL,39,33,176,4),(829817,8,4,'2015-05-19',4,4,'bat','runs',25,'N',NULL,21,37,91,4),(829819,1,6,'2015-05-20',32,1,'bat','runs',71,'N',NULL,32,31,47,1),(829821,8,1,'2015-05-22',28,8,'field','wickets',3,'N',NULL,32,39,24,8),(829823,4,8,'2015-05-24',5,8,'field','runs',41,'N',NULL,21,37,58,4),(980901,4,13,'2016-04-09',4,4,'bat','wickets',9,'N',NULL,21,35,120,13),(980903,5,3,'2016-04-10',5,5,'field','wickets',9,'N',NULL,20,31,165,5),(980905,2,12,'2016-04-11',33,12,'field','wickets',5,'N',NULL,32,26,141,12),(980907,1,11,'2016-04-12',1,11,'field','runs',45,'N',NULL,21,42,47,1),(980909,5,4,'2016-04-13',5,4,'field','wickets',6,'N',NULL,44,20,58,4),(980911,12,13,'2016-04-14',34,13,'bat','wickets',7,'N',NULL,26,35,141,12),(980913,3,2,'2016-04-15',3,3,'field','wickets',8,'N',NULL,20,31,29,3),(980915,11,5,'2016-04-16',7,11,'bat','wickets',8,'N',NULL,32,35,57,5),(980917,4,12,'2016-04-16',4,12,'field','wickets',3,'N',NULL,21,42,141,12),(980919,2,13,'2016-04-17',33,13,'bat','wickets',6,'N',NULL,20,31,139,2),(980921,1,3,'2016-04-17',1,3,'field','wickets',7,'N',NULL,26,43,177,3),(980923,11,4,'2016-04-18',7,11,'field','wickets',7,'N',NULL,21,42,80,11),(980925,2,5,'2016-04-19',33,5,'field','wickets',6,'N',NULL,20,31,76,5),(980927,4,1,'2016-04-20',4,4,'field','wickets',6,'N',NULL,32,35,58,4),(980929,12,11,'2016-04-21',34,11,'field','wickets',10,'N',NULL,53,21,158,11),(980931,13,1,'2016-04-22',32,13,'field','runs',13,'N',NULL,39,42,47,1),(980933,3,4,'2016-04-23',3,4,'field','runs',10,'N',NULL,20,31,145,3),(980935,11,2,'2016-04-23',7,11,'field','wickets',5,'N',NULL,32,35,178,11),(980937,12,1,'2016-04-24',34,1,'bat','wickets',6,'N',NULL,53,28,105,12),(980939,13,5,'2016-04-24',32,5,'field','wickets',2,'N',NULL,39,43,179,5),(980941,2,4,'2016-04-25',33,2,'field','runs',25,'N',NULL,44,25,149,4),(980943,11,13,'2016-04-26',7,13,'field','runs',34,'N','D/L',54,35,180,13),(980945,3,12,'2016-04-27',3,3,'field','runs',1,'N',NULL,17,20,181,12),(980947,4,5,'2016-04-28',4,4,'field','wickets',6,'N',NULL,44,25,58,4),(980949,13,12,'2016-04-29',32,12,'field','wickets',3,'N',NULL,39,28,61,12),(980951,3,5,'2016-04-30',3,5,'field','runs',27,'N',NULL,55,17,182,3),(980953,11,1,'2016-04-30',7,1,'field','runs',15,'N',NULL,32,21,80,11),(980955,12,2,'2016-05-01',34,12,'field','runs',23,'N',NULL,28,42,161,2),(980957,13,4,'2016-05-01',32,4,'field','wickets',8,'N',NULL,54,25,58,4),(980959,1,5,'2016-05-02',1,5,'field','wickets',5,'N',NULL,17,20,165,5),(980961,12,3,'2016-05-03',34,3,'field','wickets',8,'N',NULL,39,28,183,3),(980963,5,2,'2016-05-04',5,2,'field','runs',7,'N',NULL,32,21,165,5),(980965,3,13,'2016-05-05',3,13,'field','wickets',7,'N',NULL,31,25,120,13),(980967,11,12,'2016-05-06',7,11,'field','wickets',5,'N',NULL,17,20,158,11),(980969,1,13,'2016-05-07',1,1,'field','wickets',7,'N',NULL,39,28,105,1),(980971,2,3,'2016-05-07',33,3,'field','runs',9,'N',NULL,21,35,184,2),(980973,4,11,'2016-05-08',25,4,'field','runs',85,'N',NULL,20,31,24,11),(980975,5,12,'2016-05-08',5,12,'field','wickets',5,'N',NULL,17,25,38,12),(980977,2,1,'2016-05-09',33,2,'field','runs',1,'N',NULL,32,21,6,1),(980979,13,11,'2016-05-10',25,11,'bat','runs',4,'N',NULL,39,42,185,11),(980981,1,4,'2016-05-11',1,4,'field','wickets',6,'N',NULL,54,31,186,4),(980983,11,3,'2016-05-12',7,3,'field','wickets',7,'N',NULL,53,17,181,3),(980985,4,2,'2016-05-13',25,4,'bat','wickets',7,'N',NULL,21,35,184,2),(980987,1,12,'2016-05-14',1,12,'field','runs',144,'N',NULL,54,42,47,1),(980989,5,13,'2016-05-14',5,13,'bat','wickets',8,'N','D/L',43,28,9,5),(980991,2,11,'2016-05-15',33,2,'bat','wickets',7,'N',NULL,55,17,187,11),(980993,4,3,'2016-05-15',25,3,'field','runs',80,'N',NULL,44,35,186,4),(980995,5,1,'2016-05-16',5,1,'field','wickets',9,'N',NULL,39,43,105,1),(980997,13,3,'2016-05-17',25,13,'field','runs',19,'N','D/L',44,31,180,13),(980999,1,2,'2016-05-18',1,2,'field','runs',82,'N','D/L',55,17,105,1),(981001,12,5,'2016-05-19',35,12,'field','wickets',6,'N',NULL,32,35,61,12),(981003,3,11,'2016-05-20',27,3,'field','wickets',6,'N',NULL,43,28,160,3),(981005,13,2,'2016-05-21',25,2,'bat','wickets',4,'N',NULL,21,44,14,13),(981007,12,4,'2016-05-21',35,12,'field','wickets',6,'N',NULL,32,35,40,12),(981009,5,11,'2016-05-22',5,11,'field','runs',22,'N',NULL,55,17,9,5),(981011,3,1,'2016-05-22',27,1,'field','wickets',6,'N',NULL,43,28,105,1),(981013,12,1,'2016-05-24',1,1,'field','wickets',4,'N',NULL,32,21,47,1),(981015,11,5,'2016-05-25',3,5,'field','runs',22,'N',NULL,17,31,174,11),(981017,12,11,'2016-05-27',3,11,'field','wickets',4,'N',NULL,17,35,80,11),(981019,1,11,'2016-05-29',1,11,'bat','runs',8,'N',NULL,21,28,188,11),(1082591,11,1,'2017-04-05',7,1,'field','runs',35,'N',NULL,54,36,54,11),(1082592,14,4,'2017-04-06',32,14,'field','wickets',7,'N',NULL,43,20,119,14),(1082593,12,5,'2017-04-07',34,5,'field','wickets',10,'N',NULL,44,35,154,5),(1082594,2,14,'2017-04-08',24,2,'field','wickets',6,'N',NULL,32,31,153,2),(1082595,1,3,'2017-04-08',36,1,'bat','runs',15,'N',NULL,20,42,78,1),(1082596,11,12,'2017-04-09',7,11,'field','wickets',9,'N',NULL,45,36,189,11),(1082597,4,5,'2017-04-09',4,4,'field','wickets',4,'N',NULL,44,35,190,4),(1082598,2,1,'2017-04-10',24,1,'bat','wickets',8,'N',NULL,32,31,161,2),(1082599,14,3,'2017-04-11',32,14,'field','runs',97,'N',NULL,54,20,145,3),(1082600,4,11,'2017-04-12',4,4,'field','wickets',4,'N',NULL,44,35,191,4),(1082601,5,2,'2017-04-13',5,5,'field','wickets',8,'N',NULL,45,36,128,5),(1082602,1,4,'2017-04-14',1,4,'field','wickets',4,'N',NULL,55,32,91,4),(1082603,12,14,'2017-04-14',34,12,'field','wickets',7,'N',NULL,43,20,192,12),(1082604,5,11,'2017-04-15',5,11,'field','runs',17,'N',NULL,54,36,76,5),(1082605,3,2,'2017-04-15',3,3,'bat','runs',51,'N',NULL,46,44,159,3),(1082606,4,12,'2017-04-16',4,4,'field','wickets',6,'N',NULL,43,20,190,4),(1082607,1,14,'2017-04-16',1,1,'field','runs',27,'N',NULL,55,31,193,14),(1082608,3,5,'2017-04-17',3,3,'bat','wickets',4,'N',NULL,44,35,171,5),(1082609,11,2,'2017-04-17',7,2,'field','runs',5,'N',NULL,54,45,158,11),(1082610,12,1,'2017-04-18',34,12,'field','runs',21,'N',NULL,20,42,46,1),(1082611,11,3,'2017-04-19',7,11,'bat','runs',15,'N',NULL,39,36,194,11),(1082612,2,4,'2017-04-20',24,4,'field','wickets',8,'N',NULL,17,31,195,4),(1082613,5,12,'2017-04-21',5,12,'field','wickets',4,'N',NULL,39,44,40,12),(1082614,4,3,'2017-04-22',4,3,'field','runs',14,'N',NULL,43,20,176,4),(1082615,14,11,'2017-04-22',32,14,'field','wickets',6,'N',NULL,54,45,14,14),(1082616,12,2,'2017-04-23',34,12,'field','runs',26,'N',NULL,32,17,187,2),(1082617,5,1,'2017-04-23',5,1,'field','runs',82,'N',NULL,39,35,171,5),(1082618,4,14,'2017-04-24',4,4,'field','runs',3,'N',NULL,43,20,193,14),(1082620,14,5,'2017-04-26',32,5,'field','wickets',7,'N',NULL,54,36,76,5),(1082621,1,12,'2017-04-27',1,12,'field','wickets',7,'N',NULL,32,31,192,12),(1082622,5,3,'2017-04-28',5,5,'field','wickets',7,'N',NULL,36,20,57,5),(1082623,2,11,'2017-04-28',33,2,'field','runs',26,'N',NULL,44,35,189,11),(1082624,14,1,'2017-04-29',32,1,'field','runs',61,'N',NULL,55,17,196,14),(1082625,12,4,'2017-04-29',34,12,'bat','tie',NULL,'Y',NULL,32,39,186,4),(1082626,2,3,'2017-04-30',33,2,'field','wickets',10,'N',NULL,46,35,157,2),(1082627,11,5,'2017-04-30',7,5,'field','runs',48,'N',NULL,54,20,80,11),(1082628,4,1,'2017-05-01',4,1,'bat','wickets',5,'N',NULL,32,39,58,4),(1082629,14,12,'2017-05-01',32,14,'field','wickets',5,'N',NULL,17,31,193,14),(1082630,3,11,'2017-05-02',3,3,'field','wickets',6,'N',NULL,46,44,197,3),(1082631,5,14,'2017-05-03',5,14,'field','wickets',4,'N',NULL,55,43,198,14),(1082632,3,12,'2017-05-04',3,3,'field','wickets',7,'N',NULL,17,44,183,3),(1082633,1,2,'2017-05-05',1,1,'field','runs',19,'N',NULL,39,31,157,2),(1082634,11,14,'2017-05-06',7,11,'field','runs',12,'N',NULL,55,32,94,14),(1082635,3,4,'2017-05-06',3,3,'field','runs',146,'N',NULL,44,35,162,4),(1082636,1,5,'2017-05-07',1,5,'field','wickets',6,'N',NULL,54,31,128,5),(1082637,2,12,'2017-05-07',33,12,'field','wickets',6,'N',NULL,43,42,61,12),(1082638,11,4,'2017-05-08',7,4,'bat','wickets',7,'N',NULL,55,17,115,11),(1082639,2,5,'2017-05-09',33,5,'field','runs',14,'N',NULL,43,20,155,2),(1082640,12,3,'2017-05-10',35,3,'field','wickets',2,'N',NULL,46,32,167,3),(1082641,4,2,'2017-05-11',4,4,'field','runs',7,'N',NULL,45,43,114,2),(1082642,3,14,'2017-05-12',3,3,'bat','runs',7,'N',NULL,55,35,160,3),(1082643,12,11,'2017-05-13',35,11,'field','wickets',8,'N',NULL,32,44,199,11),(1082644,5,4,'2017-05-13',5,5,'field','runs',9,'N',NULL,43,20,84,4),(1082645,14,2,'2017-05-14',32,14,'field','wickets',9,'N',NULL,54,45,94,14),(1082646,3,1,'2017-05-14',3,1,'bat','runs',10,'N',NULL,35,31,200,1),(1082647,4,14,'2017-05-16',4,4,'field','runs',20,'N',NULL,20,31,201,14),(1082648,11,5,'2017-05-17',1,5,'field','wickets',7,'N','D/L',32,44,171,5),(1082649,4,5,'2017-05-19',1,4,'field','wickets',6,'N',NULL,36,44,202,4),(1082650,4,14,'2017-05-21',7,4,'bat','runs',1,'N',NULL,36,20,186,4),(1136561,4,8,'2018-04-07',4,8,'field','wickets',1,'N',NULL,39,43,32,8),(1136562,2,3,'2018-04-08',33,2,'field','wickets',6,'N',NULL,55,25,203,2),(1136563,5,1,'2018-04-08',5,5,'field','wickets',4,'N',NULL,31,45,128,5),(1136564,11,6,'2018-04-09',7,11,'field','wickets',9,'N',NULL,26,36,115,11),(1136565,8,5,'2018-04-10',8,8,'field','wickets',5,'N',NULL,39,32,204,8),(1136566,6,3,'2018-04-11',6,3,'field','runs',10,'N','D/L',55,44,145,6),(1136567,11,4,'2018-04-12',7,11,'field','wickets',1,'N',NULL,36,35,189,11),(1136568,1,2,'2018-04-13',36,1,'field','wickets',4,'N',NULL,45,20,137,1),(1136569,4,3,'2018-04-14',4,3,'field','wickets',7,'N',NULL,55,44,205,3),(1136570,5,11,'2018-04-14',5,11,'field','wickets',5,'N',NULL,32,43,206,11),(1136571,1,6,'2018-04-15',36,1,'field','runs',19,'N',NULL,31,20,145,6),(1136572,2,8,'2018-04-15',33,8,'field','runs',4,'N',NULL,26,35,46,2),(1136573,5,3,'2018-04-16',5,3,'field','runs',71,'N',NULL,32,43,190,5),(1136574,4,1,'2018-04-17',4,1,'field','runs',46,'N',NULL,25,44,58,4),(1136575,6,5,'2018-04-18',6,5,'field','wickets',7,'N',NULL,45,20,190,5),(1136576,2,11,'2018-04-19',33,2,'bat','runs',15,'N',NULL,36,32,46,2),(1136577,8,6,'2018-04-20',32,6,'field','runs',64,'N',NULL,55,44,6,8),(1136578,5,2,'2018-04-21',5,2,'field','wickets',9,'N','D/L',31,45,203,2),(1136579,1,3,'2018-04-21',36,1,'field','wickets',6,'N',NULL,39,35,47,1),(1136580,11,8,'2018-04-22',7,11,'field','runs',4,'N',NULL,26,32,84,8),(1136581,6,4,'2018-04-22',6,4,'bat','wickets',3,'N',NULL,55,25,207,6),(1136582,3,2,'2018-04-23',3,3,'field','runs',4,'N',NULL,43,35,208,2),(1136583,4,11,'2018-04-24',4,4,'field','runs',31,'N',NULL,31,20,189,11),(1136584,1,8,'2018-04-25',36,8,'field','wickets',5,'N',NULL,36,42,14,8),(1136585,11,2,'2018-04-26',7,2,'field','runs',13,'N',NULL,46,35,208,11),(1136586,3,5,'2018-04-27',3,5,'field','runs',55,'N',NULL,31,20,167,3),(1136587,8,4,'2018-04-28',32,4,'field','wickets',8,'N',NULL,39,44,58,4),(1136588,6,11,'2018-04-29',6,11,'bat','runs',11,'N',NULL,28,43,194,11),(1136589,1,5,'2018-04-29',36,5,'field','wickets',6,'N',NULL,36,32,154,5),(1136590,8,3,'2018-04-30',32,3,'field','runs',13,'N',NULL,54,31,6,8),(1136591,1,4,'2018-05-01',36,4,'field','runs',14,'N',NULL,17,44,209,1),(1136592,3,6,'2018-05-02',3,6,'field','runs',4,'N','D/L',42,35,183,3),(1136593,5,8,'2018-05-03',5,5,'field','wickets',6,'N',NULL,21,45,128,5),(1136594,2,4,'2018-05-04',24,4,'field','wickets',6,'N',NULL,54,20,179,4),(1136595,8,1,'2018-05-05',32,8,'field','wickets',6,'N',NULL,44,46,121,8),(1136596,11,3,'2018-05-05',7,3,'bat','wickets',7,'N',NULL,28,35,189,11),(1136597,4,5,'2018-05-06',4,5,'field','runs',13,'N',NULL,21,45,173,4),(1136598,2,6,'2018-05-06',24,2,'field','wickets',6,'N',NULL,31,20,210,2),(1136599,11,1,'2018-05-07',7,1,'field','runs',5,'N',NULL,28,42,194,11),(1136600,6,2,'2018-05-08',6,6,'bat','runs',15,'N',NULL,17,44,195,6),(1136601,5,4,'2018-05-09',5,5,'field','runs',102,'N',NULL,55,32,211,4),(1136602,3,11,'2018-05-10',3,3,'bat','wickets',9,'N',NULL,54,31,115,11),(1136603,6,8,'2018-05-11',6,8,'bat','wickets',4,'N',NULL,17,46,195,6),(1136604,2,5,'2018-05-12',24,2,'field','runs',31,'N',NULL,42,35,128,5),(1136605,3,1,'2018-05-12',3,1,'field','wickets',5,'N',NULL,55,21,47,1),(1136606,8,11,'2018-05-13',32,8,'field','wickets',8,'N',NULL,17,46,84,8),(1136607,4,6,'2018-05-13',4,6,'field','wickets',7,'N',NULL,44,20,195,6),(1136608,2,1,'2018-05-14',24,1,'field','wickets',10,'N',NULL,28,42,137,1),(1136609,5,6,'2018-05-15',5,5,'field','wickets',6,'N',NULL,21,32,212,5),(1136610,4,2,'2018-05-16',4,2,'field','runs',3,'N',NULL,17,44,191,4),(1136611,1,11,'2018-05-17',36,11,'field','runs',14,'N',NULL,54,20,47,1),(1136612,3,8,'2018-05-18',3,8,'field','runs',34,'N',NULL,26,21,200,3),(1136613,6,1,'2018-05-19',6,6,'bat','runs',30,'N',NULL,28,42,213,6),(1136614,11,5,'2018-05-19',7,11,'bat','wickets',5,'N',NULL,32,20,154,5),(1136615,3,4,'2018-05-20',3,3,'bat','runs',11,'N',NULL,21,35,29,3),(1136616,8,2,'2018-05-20',32,8,'field','wickets',5,'N',NULL,44,46,214,8),(1136617,11,8,'2018-05-22',4,8,'field','wickets',2,'N',NULL,31,17,124,8),(1136618,5,6,'2018-05-23',5,6,'field','runs',25,'N',NULL,32,44,165,5),(1136619,5,11,'2018-05-25',5,5,'field','runs',14,'N',NULL,21,44,189,11),(1136620,8,11,'2018-05-27',4,8,'field','wickets',8,'N',NULL,17,20,6,8),(1175356,8,1,'2019-03-23',8,8,'field','wickets',7,'N',NULL,54,28,63,8),(1175357,5,11,'2019-03-24',5,5,'field','wickets',6,'N',NULL,39,32,165,5),(1175358,4,15,'2019-03-24',4,4,'field','runs',37,'N',NULL,46,20,183,15),(1175359,6,2,'2019-03-25',6,6,'field','runs',14,'N',NULL,55,31,46,2),(1175360,15,8,'2019-03-26',3,15,'bat','wickets',6,'N',NULL,17,44,6,8),(1175361,5,2,'2019-03-27',5,2,'field','runs',28,'N',NULL,26,32,165,5),(1175362,1,4,'2019-03-28',36,1,'field','runs',6,'N',NULL,35,20,191,4),(1175363,11,6,'2019-03-29',7,6,'bat','wickets',5,'N',NULL,31,28,189,11),(1175364,2,4,'2019-03-30',33,2,'field','wickets',8,'N',NULL,26,39,166,2),(1175365,15,5,'2019-03-30',3,15,'field','tie',NULL,'Y',NULL,54,44,215,15),(1175366,11,1,'2019-03-31',7,1,'field','runs',118,'N',NULL,55,20,216,11),(1175367,8,6,'2019-03-31',8,6,'field','runs',8,'N',NULL,46,35,14,8),(1175368,2,15,'2019-04-01',33,15,'field','runs',14,'N',NULL,39,32,217,2),(1175369,6,1,'2019-04-02',6,6,'field','wickets',7,'N',NULL,54,17,213,6),(1175370,4,8,'2019-04-03',4,8,'field','runs',37,'N',NULL,25,28,173,4),(1175371,15,11,'2019-04-04',3,11,'field','wickets',5,'N',NULL,55,31,216,11),(1175372,1,5,'2019-04-05',36,5,'field','wickets',5,'N',NULL,39,32,165,5),(1178393,8,2,'2019-04-06',8,8,'bat','runs',22,'N',NULL,55,25,63,8),(1178394,11,4,'2019-04-06',7,11,'field','runs',40,'N',NULL,54,44,218,4),(1178395,1,15,'2019-04-07',36,15,'field','wickets',4,'N',NULL,46,20,219,15),(1178396,6,5,'2019-04-07',6,5,'field','wickets',8,'N',NULL,39,32,220,5),(1178397,2,11,'2019-04-08',33,2,'field','wickets',6,'N',NULL,54,17,203,2),(1178398,8,5,'2019-04-09',8,8,'field','wickets',7,'N',NULL,25,31,221,8),(1178399,4,2,'2019-04-10',4,4,'field','wickets',3,'N',NULL,46,20,91,4),(1178400,6,8,'2019-04-11',6,8,'field','wickets',4,'N',NULL,56,28,14,8),(1178401,5,15,'2019-04-12',5,15,'field','wickets',7,'N',NULL,46,35,115,15),(1178402,4,6,'2019-04-13',4,6,'field','wickets',4,'N',NULL,44,43,195,6),(1178403,2,1,'2019-04-13',33,1,'field','wickets',8,'N',NULL,56,20,47,1),(1178404,5,8,'2019-04-14',5,8,'field','wickets',5,'N',NULL,25,35,222,8),(1178405,11,15,'2019-04-14',7,11,'field','runs',39,'N',NULL,28,32,223,15),(1178406,4,1,'2019-04-15',4,4,'field','wickets',5,'N',NULL,17,44,81,4),(1178407,2,6,'2019-04-16',33,6,'field','runs',12,'N',NULL,26,32,92,2),(1178408,11,8,'2019-04-17',7,8,'bat','wickets',6,'N',NULL,56,47,80,11),(1178409,15,4,'2019-04-18',3,4,'bat','runs',40,'N',NULL,28,36,173,4),(1178410,5,1,'2019-04-19',5,5,'field','runs',10,'N',NULL,47,44,105,1),(1178411,6,4,'2019-04-20',6,6,'field','wickets',5,'N',NULL,46,20,119,6),(1178412,15,2,'2019-04-20',3,15,'field','wickets',5,'N',NULL,56,31,167,15),(1178413,11,5,'2019-04-21',7,11,'field','wickets',9,'N',NULL,36,44,224,11),(1178414,1,8,'2019-04-21',36,8,'field','runs',1,'N',NULL,25,26,149,1),(1178415,6,15,'2019-04-22',6,15,'field','wickets',6,'N',NULL,43,20,183,15),(1178416,8,11,'2019-04-23',8,8,'field','wickets',6,'N',NULL,36,32,6,8),(1178417,1,2,'2019-04-24',36,2,'field','runs',17,'N',NULL,31,28,47,1),(1178418,5,6,'2019-04-25',5,6,'field','wickets',3,'N',NULL,54,47,169,6),(1178419,8,4,'2019-04-26',8,8,'field','runs',46,'N',NULL,36,32,58,4),(1178420,6,11,'2019-04-27',6,6,'field','wickets',7,'N',NULL,46,43,94,6),(1178421,15,1,'2019-04-28',3,15,'bat','runs',16,'N',NULL,55,28,115,15),(1178422,5,4,'2019-04-28',5,4,'field','runs',34,'N',NULL,47,44,165,5),(1178423,11,2,'2019-04-29',7,2,'field','runs',45,'N',NULL,35,20,80,11),(1178424,1,6,'2019-04-30',36,6,'field',NULL,NULL,NULL,NULL,56,36,NULL,NULL),(1178425,8,15,'2019-05-01',8,15,'field','runs',80,'N',NULL,54,44,14,8),(1178426,4,11,'2019-05-02',4,4,'bat','tie',NULL,'Y',NULL,35,20,191,4),(1178427,2,5,'2019-05-03',33,5,'field','wickets',7,'N',NULL,31,28,225,5),(1178428,15,6,'2019-05-04',3,6,'bat','wickets',5,'N',NULL,54,47,29,15),(1178429,1,11,'2019-05-04',36,1,'field','wickets',4,'N',NULL,36,32,226,1),(1178430,2,8,'2019-05-05',33,2,'field','wickets',6,'N',NULL,55,31,203,2),(1178431,4,5,'2019-05-05',4,4,'field','wickets',9,'N',NULL,43,35,173,4),(1181764,4,8,'2019-05-07',8,8,'bat','wickets',6,'N',NULL,36,44,179,4),(1181766,15,11,'2019-05-08',25,15,'field','wickets',2,'N',NULL,28,20,183,15),(1181767,8,15,'2019-05-10',25,8,'field','wickets',6,'N',NULL,28,20,124,8),(1181768,4,8,'2019-05-12',7,4,'bat','runs',1,'N',NULL,47,44,191,4),(1216492,4,8,'2020-09-19',29,8,'field','wickets',5,'N',NULL,39,42,84,8),(1216493,15,2,'2020-09-20',37,2,'field','tie',NULL,'Y',NULL,32,44,184,15),(1216494,5,1,'2020-10-21',29,5,'bat','wickets',8,'N',NULL,42,20,199,1),(1216495,4,11,'2020-11-03',38,11,'field','wickets',10,'N',NULL,31,37,129,11),(1216496,6,8,'2020-09-22',38,8,'field','runs',16,'N',NULL,31,26,145,6),(1216497,5,15,'2020-10-24',29,15,'field','runs',59,'N',NULL,39,38,227,5),(1216498,2,11,'2020-10-24',37,11,'field','runs',12,'N',NULL,54,23,228,2),(1216499,1,4,'2020-10-28',29,4,'field','wickets',5,'N',NULL,56,39,179,4),(1216500,15,6,'2020-10-09',38,6,'field','runs',46,'N',NULL,55,31,92,15),(1216501,5,8,'2020-10-07',29,5,'bat','runs',10,'N',NULL,55,37,198,5),(1216502,1,11,'2020-10-31',38,11,'field','wickets',5,'N',NULL,55,40,157,11),(1216503,4,2,'2020-10-01',29,2,'field','runs',48,'N',NULL,42,20,91,4),(1216504,5,6,'2020-09-30',37,6,'field','runs',37,'N',NULL,55,31,229,5),(1216505,1,15,'2020-11-02',29,15,'field','wickets',6,'N',NULL,39,20,230,15),(1216506,2,8,'2020-11-01',29,8,'field','wickets',9,'N',NULL,38,42,231,8),(1216507,11,6,'2020-10-11',37,11,'bat','wickets',5,'N',NULL,46,23,232,6),(1216508,4,5,'2020-09-23',29,5,'field','runs',49,'N',NULL,39,20,58,4),(1216509,8,15,'2020-10-17',38,8,'bat','wickets',5,'N',NULL,55,37,115,15),(1216510,2,1,'2020-09-24',37,1,'field','runs',97,'N',NULL,32,23,203,2),(1216511,4,6,'2020-10-06',29,4,'bat','runs',57,'N',NULL,42,20,179,4),(1216512,5,11,'2020-10-18',29,11,'field','tie',NULL,'Y',NULL,38,20,196,5),(1216513,2,8,'2020-10-04',37,2,'bat','wickets',10,'N',NULL,54,44,6,8),(1216514,6,1,'2020-10-03',29,6,'bat','wickets',8,'N',NULL,39,20,152,1),(1216515,15,5,'2020-10-03',38,5,'field','runs',18,'N',NULL,26,37,167,15),(1216516,11,8,'2020-10-02',37,11,'bat','runs',7,'N',NULL,32,23,233,11),(1216517,4,2,'2020-10-18',37,4,'bat','tie',NULL,'Y',NULL,44,23,203,2),(1216518,6,11,'2020-10-22',37,11,'field','wickets',8,'N',NULL,44,23,69,11),(1216519,15,1,'2020-10-05',37,1,'field','runs',59,'N',NULL,44,46,161,15),(1216520,5,2,'2020-10-26',38,2,'field','wickets',8,'N',NULL,55,37,46,2),(1216521,8,4,'2020-10-23',38,4,'field','wickets',10,'N',NULL,31,26,170,4),(1216522,6,1,'2020-10-17',37,6,'bat','wickets',7,'N',NULL,32,44,47,1),(1216523,5,2,'2020-10-10',29,5,'bat','runs',2,'N',NULL,56,39,36,5),(1216524,11,15,'2020-10-27',37,15,'field','runs',88,'N',NULL,32,44,114,11),(1216525,1,8,'2020-10-10',37,1,'bat','runs',37,'N',NULL,32,23,105,1),(1216526,5,4,'2020-10-16',29,5,'bat','wickets',8,'N',NULL,39,42,177,4),(1216527,2,6,'2020-09-27',38,6,'field','wickets',4,'N',NULL,37,40,145,6),(1216528,8,11,'2020-10-13',37,8,'bat','runs',20,'N',NULL,32,23,121,8),(1216529,15,4,'2020-10-11',29,15,'bat','wickets',5,'N',NULL,39,20,177,4),(1216530,5,6,'2020-11-01',37,6,'field','runs',60,'N',NULL,44,23,234,5),(1216531,1,2,'2020-10-15',38,1,'bat','wickets',8,'N',NULL,55,31,203,2),(1216532,11,15,'2020-09-29',29,15,'field','runs',15,'N',NULL,42,20,189,11),(1216533,8,6,'2020-10-19',29,8,'bat','wickets',7,'N',NULL,39,42,195,6),(1216534,1,11,'2020-09-21',37,11,'field','runs',10,'N',NULL,54,44,152,1),(1216535,15,4,'2020-10-31',37,4,'field','wickets',9,'N',NULL,46,23,211,4),(1216536,5,8,'2020-10-29',37,8,'field','wickets',6,'N',NULL,31,37,231,8),(1216537,2,6,'2020-10-30',29,6,'field','wickets',7,'N',NULL,39,20,193,6),(1216538,4,11,'2020-10-04',38,4,'bat','runs',34,'N',NULL,55,37,170,4),(1216539,15,8,'2020-09-25',37,8,'field','runs',44,'N',NULL,55,37,215,15),(1216540,1,5,'2020-10-12',38,1,'bat','runs',82,'N',NULL,37,40,47,1),(1216541,4,6,'2020-10-25',29,4,'bat','wickets',8,'N',NULL,56,42,193,6),(1216542,11,2,'2020-10-08',37,11,'bat','runs',69,'N',NULL,32,44,216,11),(1216543,15,6,'2020-10-14',37,15,'bat','runs',13,'N',NULL,32,44,230,15),(1216544,1,8,'2020-10-25',37,1,'bat','wickets',8,'N',NULL,31,37,231,8),(1216545,11,5,'2020-09-26',29,11,'bat','wickets',7,'N',NULL,39,42,225,5),(1216546,15,2,'2020-10-20',37,15,'bat','wickets',5,'N',NULL,31,37,115,2),(1216547,1,4,'2020-09-28',37,4,'field','tie',NULL,'Y',NULL,44,23,47,1),(1237177,4,15,'2020-11-05',37,15,'field','runs',57,'N',NULL,39,44,191,4),(1237178,1,11,'2020-11-06',29,11,'field','wickets',6,'N',NULL,23,20,194,11),(1237180,15,11,'2020-11-08',29,15,'bat','runs',17,'N',NULL,23,20,184,15),(1237181,15,4,'2020-11-10',37,15,'bat','wickets',5,'N',NULL,39,44,170,4);
/*!40000 ALTER TABLE `match` ENABLE KEYS */;
UNLOCK TABLES;

--
-- Table structure for table `player`
--

DROP TABLE IF EXISTS `player`;
/*!40101 SET @saved_cs_client     = @@character_set_client */;
/*!50503 SET character_set_client = utf8 */;
CREATE TABLE `player` (
  `id` int NOT NULL AUTO_INCREMENT,
  `name` varchar(155) DEFAULT NULL,
  PRIMARY KEY (`id`)
) ENGINE=InnoDB AUTO_INCREMENT=235 DEFAULT CHARSET=utf8 COLLATE=utf8_spanish_ci;
/*!40101 SET character_set_client = @saved_cs_client */;

--
-- Dumping data for table `player`
--

LOCK TABLES `player` WRITE;
/*!40000 ALTER TABLE `player` DISABLE KEYS */;
INSERT INTO `player` VALUES (1,'BB McCullum'),(2,'MEK Hussey'),(3,'MF Maharoof'),(4,'MV Boucher'),(5,'DJ Hussey'),(6,'SR Watson'),(7,'V Sehwag'),(8,'ML Hayden'),(9,'YK Pathan'),(10,'KC Sangakkara'),(11,'JDP Oram'),(12,'AC Gilchrist'),(13,'SM Katich'),(14,'MS Dhoni'),(15,'ST Jayasuriya'),(16,'GD McGrath'),(17,'SE Marsh'),(18,'SA Asnodkar'),(19,'R Vinay Kumar'),(20,'IK Pathan'),(21,'SM Pollock'),(22,'Sohail Tanvir'),(23,'S Sreesanth'),(24,'A Nehra'),(25,'SC Ganguly'),(26,'CRD Fernando'),(27,'L Balaji'),(28,'Shoaib Akhtar'),(29,'A Mishra'),(30,'DPMD Jayawardene'),(31,'GC Smith'),(32,'DJ Bravo'),(33,'M Ntini'),(34,'SP Goswami'),(35,'A Kumble'),(36,'KD Karthik'),(37,'JA Morkel'),(38,'P Kumar'),(39,'Umar Gul'),(40,'SK Raina'),(41,'SR Tendulkar'),(42,'R Dravid'),(43,'DL Vettori'),(44,'RP Singh'),(45,'M Muralitharan'),(46,'CH Gayle'),(47,'AB de Villiers'),(48,'RS Bopara'),(49,'PP Ojha'),(50,'TM Dilshan'),(51,'HH Gibbs'),(52,'DP Nannes'),(53,'JP Duminy'),(54,'Yuvraj Singh'),(55,'SB Jakati'),(56,'JH Kallis'),(57,'G Gambhir'),(58,'RG Sharma'),(59,'A Singh'),(60,'S Badrinath'),(61,'DR Smith'),(62,'LRPL Taylor'),(63,'Harbhajan Singh'),(64,'R Bhatia'),(65,'SK Warne'),(66,'B Lee'),(67,'BJ Hodge'),(68,'LR Shukla'),(69,'MK Pandey'),(70,'AD Mathews'),(71,'MK Tiwary'),(72,'WPUJC Vaas'),(73,'A Symonds'),(74,'AA Jhunjhunwala'),(75,'J Theron'),(76,'RV Uthappa'),(77,'AC Voges'),(78,'KM Jadhav'),(79,'NV Ojha'),(80,'DA Warner'),(81,'SL Malinga'),(82,'M Vijay'),(83,'KP Pietersen'),(84,'AT Rayudu'),(85,'PD Collingwood'),(86,'MJ Lumb'),(87,'TL Suman'),(88,'RJ Harris'),(89,'PP Chawla'),(90,'Harmeet Singh'),(91,'KA Pollard'),(92,'R Ashwin'),(93,'R McLaren'),(94,'JD Unadkat'),(95,'M Kartik'),(96,'DE Bollinger'),(97,'S Anirudha'),(98,'SK Trivedi'),(99,'SB Wagh'),(100,'PC Valthaty'),(101,'MD Mishra'),(102,'DW Steyn'),(103,'S Sohal'),(104,'MM Patel'),(105,'V Kohli'),(106,'I Sharma'),(107,'J Botha'),(108,'Iqbal Abdulla'),(109,'P Parameswaran'),(110,'R Sharma'),(111,'MR Marsh'),(112,'BA Bhatt'),(113,'S Aravind'),(114,'WP Saha'),(115,'S Dhawan'),(116,NULL),(117,'JEC Franklin'),(118,'RE Levi'),(119,'SPD Smith'),(120,'AM Rahane'),(121,'RA Jadeja'),(122,'MN Samuels'),(123,'M Morkel'),(124,'F du Plessis'),(125,'AD Mascarenhas'),(126,'Shakib Al Hasan'),(127,'JD Ryder'),(128,'SP Narine'),(129,'S Nadeem'),(130,'KMDN Kulasekara'),(131,'CL White'),(132,'Mandeep Singh'),(133,'P Negi'),(134,'Azhar Mahmood'),(135,'BW Hilfenhaus'),(136,'A Chandila'),(137,'UT Yadav'),(138,'MS Bisla'),(139,'M Vohra'),(140,'GH Vihari'),(141,'AJ Finch'),(142,'JP Faulkner'),(143,'MS Gony'),(144,'DA Miller'),(145,'SV Samson'),(146,'DJG Sammy'),(147,'MG Johnson'),(148,'KK Cooper'),(149,'PA Patel'),(150,'AP Tare'),(151,'LJ Wright'),(152,'YS Chahal'),(153,'GJ Maxwell'),(154,'CA Lynn'),(155,'MM Sharma'),(156,'PV Tambe'),(157,'Sandeep Sharma'),(158,'B Kumar'),(159,'CJ Anderson'),(160,'KK Nair'),(161,'AR Patel'),(162,'LMP Simmons'),(163,'DJ Hooda'),(164,'GJ Bailey'),(165,'AD Russell'),(166,'MA Agarwal'),(167,'SS Iyer'),(168,'MA Starc'),(169,'VR Aaron'),(170,'TA Boult'),(171,'NM Coulter-Nile'),(172,'EJG Morgan'),(173,'HH Pandya'),(174,'MC Henriques'),(175,'Z Khan'),(176,'MJ McClenaghan'),(177,'Q de Kock'),(178,'Mustafizur Rahman'),(179,'SA Yadav'),(180,'AB Dinda'),(181,'CH Morris'),(182,'CR Brathwaite'),(183,'RR Pant'),(184,'MP Stoinis'),(185,'A Zampa'),(186,'KH Pandya'),(187,'HM Amla'),(188,'BCJ Cutting'),(189,'Rashid Khan'),(190,'N Rana'),(191,'JJ Bumrah'),(192,'AJ Tye'),(193,'BA Stokes'),(194,'KS Williamson'),(195,'JC Buttler'),(196,'LH Ferguson'),(197,'Mohammed Shami'),(198,'RA Tripathi'),(199,'Mohammed Siraj'),(200,'HV Patel'),(201,'Washington Sundar'),(202,'KV Sharma'),(203,'KL Rahul'),(204,'SW Billings'),(205,'JJ Roy'),(206,'B Stanlake'),(207,'JC Archer'),(208,'AS Rajpoot'),(209,'TG Southee'),(210,'Mujeeb Ur Rahman'),(211,'Ishan Kishan'),(212,'Kuldeep Yadav'),(213,'S Gopal'),(214,'L Ngidi'),(215,'PP Shaw'),(216,'JM Bairstow'),(217,'SM Curran'),(218,'AS Joseph'),(219,'K Rabada'),(220,'HF Gurney'),(221,'DL Chahar'),(222,'Imran Tahir'),(223,'KMA Paul'),(224,'KK Ahmed'),(225,'Shubman Gill'),(226,'SO Hetmyer'),(227,'CV Varun'),(228,'CJ Jordan'),(229,'Shivam Mavi'),(230,'A Nortje'),(231,'RD Gaikwad'),(232,'R Tewatia'),(233,'PK Garg'),(234,'PJ Cummins');
/*!40000 ALTER TABLE `player` ENABLE KEYS */;
UNLOCK TABLES;

--
-- Table structure for table `teams`
--

DROP TABLE IF EXISTS `teams`;
/*!40101 SET @saved_cs_client     = @@character_set_client */;
/*!50503 SET character_set_client = utf8 */;
CREATE TABLE `teams` (
  `id` int NOT NULL AUTO_INCREMENT,
  `name` varchar(85) DEFAULT NULL,
  PRIMARY KEY (`id`)
) ENGINE=InnoDB AUTO_INCREMENT=16 DEFAULT CHARSET=utf8 COLLATE=utf8_spanish_ci;
/*!40101 SET character_set_client = @saved_cs_client */;

--
-- Dumping data for table `teams`
--

LOCK TABLES `teams` WRITE;
/*!40000 ALTER TABLE `teams` DISABLE KEYS */;
INSERT INTO `teams` VALUES (1,'Royal Challengers Bangalore'),(2,'Kings XI Punjab'),(3,'Delhi Daredevils'),(4,'Mumbai Indians'),(5,'Kolkata Knight Riders'),(6,'Rajasthan Royals'),(7,'Deccan Chargers'),(8,'Chennai Super Kings'),(9,'Kochi Tuskers Kerala'),(10,'Pune Warriors'),(11,'Sunrisers Hyderabad'),(12,'Gujarat Lions'),(13,'Rising Pune Supergiants'),(14,'Rising Pune Supergiant'),(15,'Delhi Capitals');
/*!40000 ALTER TABLE `teams` ENABLE KEYS */;
UNLOCK TABLES;

--
-- Table structure for table `umpire`
--

DROP TABLE IF EXISTS `umpire`;
/*!40101 SET @saved_cs_client     = @@character_set_client */;
/*!50503 SET character_set_client = utf8 */;
CREATE TABLE `umpire` (
  `id` int NOT NULL AUTO_INCREMENT,
  `name` varchar(155) DEFAULT NULL,
  PRIMARY KEY (`id`)
) ENGINE=InnoDB AUTO_INCREMENT=291 DEFAULT CHARSET=utf8 COLLATE=utf8_spanish_ci;
/*!40101 SET character_set_client = @saved_cs_client */;

--
-- Dumping data for table `umpire`
--

LOCK TABLES `umpire` WRITE;
/*!40000 ALTER TABLE `umpire` DISABLE KEYS */;
INSERT INTO `umpire` VALUES (1,'RE Koertzen'),(2,'SL Shastri'),(3,'GA Pratapkumar'),(4,'DJ Harper'),(5,'K Hariharan'),(6,'RB Tiffin'),(7,'AM Saheba'),(8,'MR Benson'),(9,'IL Howell'),(10,'AV Jayaprakash'),(11,'I Shivram'),(12,'BR Doctrove'),(13,'BG Jerling'),(14,'SJ Davis'),(15,'SD Ranade'),(16,'SJA Taufel'),(17,'M Erasmus'),(18,'TH Wijewardene'),(19,'SK Tarapore'),(20,'S Ravi'),(21,'HDPK Dharmasena'),(22,'SS Hazare'),(23,'PR Reiffel'),(24,'AL Hill'),(25,'RJ Tucker'),(26,'VA Kulkarni'),(27,'JD Cloete'),(28,'BNJ Oxenford'),(29,'S Asnani'),(30,'S Das'),(31,'C Shamshuddin'),(32,'AK Chaudhary'),(33,'K Srinath'),(34,'Subroto Das'),(35,'CK Nandan'),(36,'NJ Llong'),(37,'RK Illingworth'),(38,'PG Pathak'),(39,'CB Gaffaney'),(40,'K Srinivasan'),(41,'SD Fry'),(42,'VK Sharma'),(43,'A Nand Kishore'),(44,'Nitin Menon'),(45,'A Deshmukh'),(46,'YC Barde'),(47,'IJ Gould'),(48,'Asad Rauf'),(49,'Aleem Dar'),(50,'BF Bowden'),(51,'GAV Baxter'),(52,'RM Deshpande'),(53,'K Bharatan'),(54,'AY Dandekar'),(55,'KN Ananthapadmanabhan'),(56,'UV Gandhe');
/*!40000 ALTER TABLE `umpire` ENABLE KEYS */;
UNLOCK TABLES;

--
-- Table structure for table `user`
--

DROP TABLE IF EXISTS `user`;
/*!40101 SET @saved_cs_client     = @@character_set_client */;
/*!50503 SET character_set_client = utf8 */;
CREATE TABLE `user` (
  `id` int NOT NULL AUTO_INCREMENT,
  `name` varchar(45) DEFAULT NULL,
  `password` varchar(155) DEFAULT NULL,
  `email` varchar(45) DEFAULT NULL,
  `active` tinyint DEFAULT NULL,
  PRIMARY KEY (`id`)
) ENGINE=InnoDB AUTO_INCREMENT=9 DEFAULT CHARSET=utf8 COLLATE=utf8_spanish_ci;
/*!40101 SET character_set_client = @saved_cs_client */;

--
-- Dumping data for table `user`
--

LOCK TABLES `user` WRITE;
/*!40000 ALTER TABLE `user` DISABLE KEYS */;
INSERT INTO `user` VALUES (5,'Mayank Jain','pbkdf2:sha256:260000$GJXLHiTBwevvnV5H$a263a56786f4f03898257242c138f7554cc3acbb606616f285bb2714ca91ae22','new1@gmail.com',1),(6,'Mayank Jain','pbkdf2:sha256:260000$KowlZj0aAHMI5r4c$0198d1d7ee3c83e1b33acfcf2d143a4b711f8fb189c557b756bce670874e1c09','new@gmail.com',0),(7,'Mayank Jain','pbkdf2:sha256:260000$lNE7a7gL98GKR1NY$837259ec28274f1f679a82d3a52c928868cace07de30d14f57a01d66769af32f','mayank@gmail.com',1),(8,'Mayank Jain','pbkdf2:sha256:260000$heWVnQ0LaQidJfyG$f90fd75e1be8a0dab46c5fdd066afe0bf32a549b1b88a845cfe36fa88b79a515','mayank1@gmail.com',0);
/*!40000 ALTER TABLE `user` ENABLE KEYS */;
UNLOCK TABLES;

--
-- Table structure for table `venue`
--

DROP TABLE IF EXISTS `venue`;
/*!40101 SET @saved_cs_client     = @@character_set_client */;
/*!50503 SET character_set_client = utf8 */;
CREATE TABLE `venue` (
  `id` int NOT NULL AUTO_INCREMENT,
  `stadium` varchar(100) DEFAULT NULL,
  `city` varchar(45) DEFAULT NULL,
  PRIMARY KEY (`id`)
) ENGINE=InnoDB AUTO_INCREMENT=39 DEFAULT CHARSET=utf8 COLLATE=utf8_spanish_ci;
/*!40101 SET character_set_client = @saved_cs_client */;

--
-- Dumping data for table `venue`
--

LOCK TABLES `venue` WRITE;
/*!40000 ALTER TABLE `venue` DISABLE KEYS */;
INSERT INTO `venue` VALUES (1,'M Chinnaswamy Stadium','Bangalore'),(2,'Punjab Cricket Association Stadium, Mohali','Chandigarh'),(3,'Feroz Shah Kotla','Delhi'),(4,'Wankhede Stadium','Mumbai'),(5,'Eden Gardens','Kolkata'),(6,'Sawai Mansingh Stadium','Jaipur'),(7,'Rajiv Gandhi International Stadium, Uppal','Hyderabad'),(8,'MA Chidambaram Stadium, Chepauk','Chennai'),(9,'Dr DY Patil Sports Academy','Mumbai'),(10,'Newlands','Cape Town'),(11,'St George\'s Park','Port Elizabeth'),(12,'Kingsmead','Durban'),(13,'SuperSport Park','Centurion'),(14,'Buffalo Park','East London'),(15,'New Wanderers Stadium','Johannesburg'),(16,'De Beers Diamond Oval','Kimberley'),(17,'OUTsurance Oval','Bloemfontein'),(18,'Brabourne Stadium','Mumbai'),(19,'Sardar Patel Stadium, Motera','Ahmedabad'),(20,'Barabati Stadium','Cuttack'),(21,'Vidarbha Cricket Association Stadium, Jamtha','Nagpur'),(22,'Himachal Pradesh Cricket Association Stadium','Dharamsala'),(23,'Nehru Stadium','Kochi'),(24,'Holkar Cricket Stadium','Indore'),(25,'Dr. Y.S. Rajasekhara Reddy ACA-VDCA Cricket Stadium','Visakhapatnam'),(26,'Subrata Roy Sahara Stadium','Pune'),(27,'Shaheed Veer Narayan Singh International Stadium','Raipur'),(28,'JSCA International Stadium Complex','Ranchi'),(29,'Sheikh Zayed Stadium','Abu Dhabi'),(32,'Maharashtra Cricket Association Stadium','Pune'),(33,'Punjab Cricket Association IS Bindra Stadium, Mohali','Chandigarh'),(34,'Saurashtra Cricket Association Stadium','Rajkot'),(35,'Green Park','Kanpur'),(36,'M.Chinnaswamy Stadium','Bengaluru'),(37,'Dubai International Cricket Stadium','Dubai'),(38,'Sharjah Cricket Stadium','Sharjah');
/*!40000 ALTER TABLE `venue` ENABLE KEYS */;
UNLOCK TABLES;
/*!40103 SET TIME_ZONE=@OLD_TIME_ZONE */;

/*!40101 SET SQL_MODE=@OLD_SQL_MODE */;
/*!40014 SET FOREIGN_KEY_CHECKS=@OLD_FOREIGN_KEY_CHECKS */;
/*!40014 SET UNIQUE_CHECKS=@OLD_UNIQUE_CHECKS */;
/*!40101 SET CHARACTER_SET_CLIENT=@OLD_CHARACTER_SET_CLIENT */;
/*!40101 SET CHARACTER_SET_RESULTS=@OLD_CHARACTER_SET_RESULTS */;
/*!40101 SET COLLATION_CONNECTION=@OLD_COLLATION_CONNECTION */;
/*!40111 SET SQL_NOTES=@OLD_SQL_NOTES */;

-- Dump completed on 2022-04-08 12:23:57
